Date,Time,Category,Item,Quantity,Unit,Calories_kcal,Protein_g,Iron_mg,Calcium_mg,Saturated_Fat_g,Caffeine_mg,Notes
2026-02-05,08:30,Breakfast,americano,450,ml,,0,,,0,200,2 bean setting mixed with hot water
2026-02-05,08:30,Breakfast,envy apple,257,g,135,0.9,,,0,,
2026-02-05,08:30,Breakfast,banana,147,g,130,1.5,,,0.1,,
2026-02-05,08:30,Snack,almonds,8,piece,75,2.5,0.8,,0.3,,
2026-02-05,09:30,Hydration,h2o,450,ml,,,,,,0,
2026-02-05,09:30,Breakfast,cake,68.2,g,225,3,,,4.25,,
2026-02-05,10:25,Snack,mentos,1,piece,10,0,,,0,,mint
2026-02-05,10:25,Snack,almonds,6,piece,55,1.75,0.6,,0.25,,
2026-02-05,12:00,Snack,mentos,2,piece,20,0,,,0,,mint
2026-02-05,12:00,Beverage,americano,450,ml,,0,,,0,100,1 bean setting mixed with hot water
2026-02-05,12:30,Snack,haribo goldbears,13,g,47.5,0.9,,,0,,
2026-02-05,13:00,Hydration,h2o,200,ml,,,,,,0,
2026-02-05,13:00,Snack,mentos,1,piece,10,0,,,0,,mint
2026-02-05,14:30,Lunch,bread,98,g,265,9,,,1.25,,
2026-02-05,14:30,Lunch,instant chicken breast,100,g,137.5,19.5,1,,1,,
2026-02-05,14:30,Lunch,choco milk low fat,230,ml,155,5.7,,,2.2,,
2026-02-05,14:30,Lunch,banana,130,g,115,1.3,,,0.1,,
2026-02-05,14:30,Hydration,h2o,450,ml,,,,,,0,
2026-02-05,14:30,Snack,mentos,3,piece,30,0,,,0,,mint
2026-02-05,15:30,Snack,almonds,10,piece,85,2.75,1,,0.4,,
2026-02-05,16:20,Snack,mentos,1,piece,10,0,,,0,,mint
2026-02-05,16:20,Snack,kraft singles less fat cheese,1,piece,42.5,3.5,,175,2,,
2026-02-05,17:00,Snack,almonds,15,piece,120,3.75,1.5,,0.6,,
2026-02-05,19:00,Dinner,rice,1.5,bowl,450,9,,,0.5,,
2026-02-05,19:00,Dinner,tofu with egg,2,bowl,200,20,,200,3.25,,
2026-02-05,19:00,Dinner,vegetables,0.5,bowl,45,3,,,0.3,,
2026-02-05,19:00,Dinner,pork,0.25,bowl,125,12.5,,,4.25,,
2026-02-05,19:00,Dinner,soup,2,bowl,150,6,,,1.5,,
2026-02-05,20:30,Snack,orange,3,slices,40,0.75,,,0,,
2026-02-06,07:40,Breakfast,bread with egg and luncheon meat,1,serving,525,21.5,,,7.5,,
2026-02-06,07:40,Breakfast,americano,450,ml,,0,,,0,200,2 beans
2026-02-06,08:50,Snack,almonds,20,piece,165,5.5,1.5,,0.8,,
2026-02-06,09:15,Hydration,h2o,450,ml,,,,,,0,
2026-02-06,09:30,Hydration,h2o,450,ml,,,,,,0,
2026-02-06,10:00,Snack,almonds,7,piece,60,2,0.7,,0.3,,
2026-02-06,11:06,Beverage,americano,450,ml,,0,,,0,100,1 beans
2026-02-06,11:06,Snack,banana,1,piece,110,1.3,,,0.1,,
2026-02-06,11:06,Snack,mentos,2,piece,20,0,,,0,,
2026-02-06,11:55,Hydration,h2o,450,ml,,,,,,0,
2026-02-06,11:55,Snack,mentos,3,piece,30,0,,,0,,
2026-02-06,12:35,Snack,mcvita mini,1,pack,180,2.5,,,3,,
2026-02-06,12:35,Hydration,h2o,450,ml,,,,,,0,
2026-02-06,13:30,Hydration,h2o,400,ml,,,,,,0,
2026-02-06,14:30,Lunch,3 in 1 milo,1,stick,140,3,,,1.75,,3g stick
2026-02-06,14:30,Lunch,bread,98,g,265,9,,,1.25,,
2026-02-06,14:30,Lunch,kraft singles less fat cheese,1,piece,42.5,3.5,,175,2,,
2026-02-06,14:30,Lunch,555 sardine in tomato sauce (no sauce),1,can,115,15,,,2,,3 servings 5g protein/41kcal each
2026-02-06,14:30,Lunch,tuna donki light skipjack flakes in broth,1,can,115,11,,,1.25,,
2026-02-06,15:00,Snack,envy apple,1,piece,130,0.8,,,0,,
2026-02-06,15:45,Hydration,h2o,200,ml,,,,,,0,
2026-02-06,17:00,Snack,almonds,remaining to 61g total today,,,,,,2.4,,finish remaining almond - 61g total today
2026-02-09,07:30,Breakfast,mentos,3,piece,30,0,,,0,,
2026-02-09,07:30,Breakfast,choco marble cake,1,piece,410,8.5,,,8,,
2026-02-09,07:30,Breakfast,americano,450,ml,,0,,,0,200,2 beans
2026-02-09,09:00,Hydration,h2o,450,ml,,,,,,0,
2026-02-09,09:35,Snack,almonds,9,piece,70,2.5,1,,0.35,,
2026-02-09,09:50,Hydration,h2o,450,ml,,,,,,0,
2026-02-09,11:00,Snack,ritz cheese cracker,1,pack,165,2.5,,,3.5,,cheese flavor
2026-02-09,11:30,Beverage,americano,450,ml,,0,,,0,100,1 bean
2026-02-09,12:40,Snack,almonds,10,piece,80,3,1,,0.4,,
2026-02-09,12:40,Hydration,h2o,450,ml,,,,,,0,
2026-02-09,13:40,Hydration,h2o,450,ml,,,,,,0,
2026-02-09,14:30,Lunch,ikea chicken breast,100,g,135,22.5,1,,1.2,,
2026-02-09,14:30,Lunch,bread,2,slice,265,9,,,1.75,,
2026-02-09,14:30,Lunch,envy apple,1,piece,130,0.8,,,0,,
2026-02-09,14:30,Lunch,choco milk vita,250,ml,188,6.25,,,2.4,,75kcal/100ml 2.5g protein/100ml
2026-02-09,15:30,Hydration,h2o,450,ml,,,,,,0,
2026-02-09,16:23,Snack,kraft singles less fat cheese,1,piece,42.5,3.5,,175,2,,
2026-02-09,16:23,Hydration,h2o,450,ml,,,,,,0,
2026-02-09,16:23,Snack,almonds,remaining to 61g total today,,,,,,2.4,,finish remaining almond - 61g total today
2026-02-09,17:40,Hydration,h2o,400,ml,,,,,,0,
2026-02-09,17:40,Snack,marie biscuit,5,piece,135,2,,,2.5,,
2026-02-09,17:40,Snack,dried seaweed,1,pack,30,1.5,,,0.2,,
2026-02-09,17:40,Snack,vita malted soyabean milk,250,ml,130,4.5,,,1.75,,
2026-02-09,19:00,Dinner,soup,2,bowl,150,6,,,1.5,,
2026-02-09,19:00,Dinner,rice,1,bowl,275,5.5,,,0.3,,
2026-02-09,19:00,Dinner,vegetables fried with squid,0.5,bowl + 3 pieces,125,10,,1,2,,
2026-02-09,19:00,Dinner,chicken thigh,1,piece,250,22.5,,,5,,
2026-02-09,19:00,Dinner,fried beef,3,pieces,250,22.5,,,6,,
2026-02-09,19:00,Dinner,bean vermicelli,0.25,bowl,125,1.5,,,0.5,,
2026-02-09,21:00,Supplement,doctor's choice iron vitamin C,1,dose,,,,,,,50mg iron + 250mg vitamin C
2026-02-10,08:20,Breakfast,americano,450,ml,,0,,,0,200,2 beans
2026-02-10,08:20,Breakfast,envy apple,1,piece,130,0.8,,,0,,
2026-02-10,08:20,Breakfast,banana,1,piece,115,1.3,,,0.1,,
2026-02-10,09:00,Snack,mentos,2,piece,20,0,,,0,,
2026-02-10,09:00,Breakfast,sausage bun hong kong,1,piece,315,7,,,6,,
2026-02-10,09:30,Snack,mentos,3,piece,30,0,,,0,,
2026-02-10,09:30,Hydration,h2o,450,ml,,,,,,0,
2026-02-10,10:10,Snack,almonds,15,piece,120,3.5,1.5,,0.6,,
2026-02-10,10:10,Hydration,h2o,450,ml,,,,,,0,
2026-02-10,11:35,Snack,nescafe black magic chocolate,2,piece,100,1.5,,,3,,dark chocolate pieces (Nestlé Black Magic)
2026-02-10,11:35,Snack,mentos,1,piece,10,0,,,0,,
2026-02-10,11:35,Beverage,americano,450,ml,,0,,,0,100,1 bean
2026-02-10,12:30,Hydration,h2o,450,ml,,,,,,0,
2026-02-10,14:30,Lunch,fried egg with sesame oil,3,piece,240,18,,,5.25,,sesame oil
2026-02-10,14:30,Lunch,bread,98,g,260,9,,,1.25,,
2026-02-10,14:30,Lunch,banana,130,g,115,1.3,,,0.1,,
2026-02-10,14:30,Lunch,choco milk low fat,230,ml,155,5.7,,,2.2,,low fat
2026-02-10,14:50,Hydration,h2o,450,ml,,,,,,0,
2026-02-10,16:30,Snack,pineapple shortcake,1,piece,175,2,,,3.75,,
2026-02-10,16:30,Hydration,h2o,450,ml,,,,,,0,
2026-02-10,19:00,Dinner,soup,2,bowl,150,6,,,1.5,,
2026-02-10,19:00,Dinner,rice,1.5,bowl,400,8,,,0.5,,
2026-02-10,19:00,Dinner,steamed egg,1,bowl,80,6,,,2,,
2026-02-10,19:00,Dinner,fried pork neck,1,bowl,200,15,,,6.75,,
2026-02-10,19:00,Dinner,vegetables,1,bowl,60,3,,,0.3,,
2026-02-10,19:00,Dinner,pork shank boiled in soup,1,bowl,180,18,,,5.5,,
2026-02-10,21:20,Snack,almonds,10,piece,80,2.5,1,,0.4,,
2026-02-10,21:20,Hydration,h2o,450,ml,,,,,,0,
2026-02-11,07:30,Breakfast,americano,450,ml,,0,,,0,200,2 beans
2026-02-11,08:00,Snack,mentos,3,piece,30,0,,,0,,
2026-02-11,08:20,Breakfast,envy apple,1,piece,130,0.8,,,0,,
2026-02-11,09:00,Breakfast,banana,1,piece,115,1.3,,,0.1,,
2026-02-11,09:00,Snack,mentos,4,piece,40,0,,,0,,
2026-02-11,09:20,Snack,godiva bakery chocolate chip brioche,1,piece,250,5,1,40,6,,~65g torn piece from colleague (Tokyo Godiva bakery)
2026-02-11,11:20,Hydration,h2o,450,ml,,,,,,0,
2026-02-11,11:44,Snack,almonds,10,piece,80,2.5,1,,0.4,,
2026-02-11,11:55,Breakfast,traditional hong kong style banana cake,1,piece,280,4.5,1,35,5.5,,~90g slice
2026-02-11,13:00,Snack,mentos,1,piece,10,0,,,0,,
2026-02-11,14:30,Lunch,beef brisket rice noodle,1,serving,540,35,2,,7.5,,HK cha chaan teng style; beef brisket + 1 egg spoon chili oil
2026-02-11,14:30,Lunch,coca cola,250,ml,105,0,,,0,,standard 27g sugar
2026-02-11,18:45,Dinner,soup,2,bowl,150,6,,,1.5,,
2026-02-11,18:45,Dinner,rice,1.5,bowl,400,8,,,0.5,,
2026-02-11,18:45,Dinner,chicken breast with skin,120,g,240,36,1,,5.25,,
2026-02-11,18:45,Dinner,pan fried chinese noodlefish with egg,1,portion ~7cm diameter,220,18,1.5,50,3.75,,
2026-02-11,18:45,Dinner,fried zucchini and pork belly slices,1,bowl,180,12,0.5,,6.5,,
2026-02-11,21:00,Snack,coca cola,250,ml,105,0,,,0,,
2026-02-11,21:00,Hydration,h2o,400,ml,,,,,,0,
2026-02-11,21:00,Snack,almonds,10,piece,80,2.5,1,,0.4,,
2026-02-12,08:30,Breakfast,americano,450,ml,,0,,,0,200,2 beans
2026-02-12,08:30,Breakfast,envy apple,1,piece,130,0.8,,,0,,
2026-02-12,08:30,Breakfast,corn from soup,177.5,g,155,5.8,1,5,0.5,,
2026-02-12,09:55,Snack,mentos,1,piece,10,0,,,0,,
2026-02-12,09:55,Breakfast,sausage bun hong kong,1,piece,315,7,,,6,,
2026-02-12,10:20,Snack,mentos,1,piece,10,0,,,0,,
2026-02-12,10:55,Beverage,americano,450,ml,,0,,,0,100,1 bean
2026-02-12,11:45,Hydration,h2o,450,ml,,,,,,0,
2026-02-12,12:25,Snack,almonds,20,piece,165,5.5,1.5,,0.8,,
2026-02-12,12:55,Hydration,h2o,450,ml,,,,,,0,
2026-02-12,14:30,Lunch,choco milk low fat,230,ml,155,5.7,,,2.2,,low fat
2026-02-12,14:30,Breakfast,banana,1,piece,115,1.3,,,0.1,,
2026-02-12,14:30,Lunch,ikea rattan pepper flavoured chicken breast,100,g,92,16.73,,,1,,92kcal/100g; sodium 598mg
2026-02-12,15:05,Hydration,h2o,450,ml,,,,,,0,
2026-02-12,15:10,Snack,mentos,2,piece,20,0,,,0,,
2026-02-12,16:14,Snack,kraft singles less fat cheese,1,piece,42.5,3.5,,175,2,,
2026-02-12,16:30,Hydration,h2o,450,ml,,,,,,0,
2026-02-12,16:50,Snack,almonds,10,piece,80,2.5,1,,0.4,,
2026-02-12,17:30,Hydration,h2o,450,ml,,,,,,0,
2026-02-12,17:30,Snack,almonds,5,piece,40,1.25,0.5,,0.2,,
2026-02-12,18:45,Dinner,steamed chicken with skin,120,g,240,32,1,,5.25,,
2026-02-12,18:45,Dinner,tofu,4,pieces 3x9x1cm,120,12,1.5,200,2,,
2026-02-12,18:45,Dinner,soup chicken feet hairy gourd salty duck egg,2,bowl,180,10,1,,2.75,,
2026-02-12,18:45,Dinner,chicken feet from soup,2,piece,80,8,0.5,,2,,
2026-02-12,18:45,Dinner,hairy gourd from soup,0.5,bowl,40,1,,,0.1,,
2026-02-12,18:45,Dinner,fried zucchini and pork belly slices,0.25,bowl,140,9,0.4,,4.75,,
2026-02-12,18:45,Dinner,chinese bbq pork fried egg,1,piece 6x3x1cm,220,15,,,6,,
2026-02-12,18:45,Dinner,lettuce,a few,pieces,15,1,,,0,,
2026-02-12,21:00,Supplement,doctor's choice iron vitamin C,1,dose,,,,,,,50mg iron + 250mg vitamin C
2026-02-12,21:00,Hydration,h2o,700,ml,,,,,,0,
2026-02-13,08:30,Breakfast,americano,230,ml,,0,,,0,200,2 beans
2026-02-13,08:30,Breakfast,envy apple,1,piece,130,0.8,,,0,,
2026-02-13,08:30,Breakfast,banana,1,piece,115,1.3,,,0.1,,
2026-02-13,08:30,Hydration,h2o,230,ml,,,,,,0,
2026-02-13,09:40,Hydration,h2o,450,ml,,,,,,0,
2026-02-13,10:16,Breakfast,hong kong style tuna bun,112.4,g,350,12,1,,5.5,,
2026-02-13,10:20,Hydration,h2o,450,ml,,,,,,0,
2026-02-13,11:00,Beverage,americano,450,ml,,0,,,0,100,1 bean
2026-02-13,12:17,Snack,ishiya g saqu langue de chat matcha milk,1,piece,60,1,0.2,15,1.75,,
2026-02-13,12:50,Snack,mentos,2,piece,20,0,,,0,,
2026-02-13,13:30,Hydration,h2o,400,ml,,,,,,0,
2026-02-13,14:30,Lunch/Dinner,ikea lemon flavoured chicken breast,100,g,95,18,,,1,,
2026-02-13,14:30,Lunch,banana,1,piece,115,1.3,,,0.1,,
2026-02-13,14:30,Lunch,choco milk low fat,230,ml,155,5.7,,,2.2,,low fat
2026-02-13,15:00,Hydration,h2o,450,ml,,,,,,0,
2026-02-13,16:05,Hydration,h2o,450,ml,,,,,,0,
2026-02-13,16:35,Snack,mentos,2,piece,20,0,,,0,,
2026-02-13,16:40,Snack,kraft singles less fat cheese,1,piece,42.5,3.5,,175,2,,
2026-02-13,17:20,Snack,almonds,20,piece,165,5.5,1.5,,0.8,,
2026-03-04,07:30,Breakfast,americano,230,ml,,0,,,0,200,2 beans
2026-03-04,07:30,Breakfast,envy apple,1,piece,130,0.8,,,0,,
2026-03-04,08:00,Breakfast,banana,1,piece,115,1.3,,,0.1,,
2026-03-04,08:45,Hydration,h2o,450,ml,,,,,,0,
2026-03-04,09:30,Breakfast,choco marble cake,1,piece,410,8.5,,,8,,
2026-03-04,10:30,Snack,mentos,5,piece,50,0,,,0,,
2026-03-04,10:45,Snack,almonds,5,piece,40,1.25,0.5,,0.2,,
2026-03-04,11:00,Beverage,americano,450,ml,,0,,,0,100,1 bean
2026-03-04,12:30,Snack,almonds,5,piece,40,1.25,0.5,,0.2,,
2026-03-04,12:30,Hydration,h2o,450,ml,,,,,,0,
2026-03-04,14:30,Lunch,choco milk low fat,230,ml,155,5.7,,,2.2,,low fat
2026-03-04,14:30,Lunch,ikea chicken breast,100,g,135,22.5,1,,1.2,,
2026-03-04,14:30,Lunch,banana,1,piece,115,1.3,,,0.1,,
2026-03-04,15:20,Snack,almonds,5,piece,40,1.25,0.5,,0.2,,
2026-03-04,15:40,Snack,kraft singles less fat cheese,1,piece,42.5,3.5,,175,2,,
2026-03-04,15:40,Hydration,h2o,450,ml,,,,,,0,
2026-03-04,16:05,Snack,almonds,5,piece,40,1.25,0.5,,0.2,,
2026-03-04,19:00,Dinner,rice,1.5,bowl,400,8,,,0.5,,
2026-03-04,19:00,Dinner,steamed egg with ground beef,5,slightly larger tbsp,125,11.5,1.2,40,4.25,,
2026-03-04,19:00,Dinner,steamed chicken wing,5,piece,425,52,2.5,30,9.5,,
2026-03-04,19:00,Dinner,vegetables,1,bowl,60,3,,,0.3,,
2026-03-04,19:00,Dinner,pork soup liquid only,2,bowl,140,7,0.55,70,1.5,,
2026-03-04,19:00,Dinner,pork shank from soup,2,pieces ~half bowl total,350,45,2.5,30,8.5,,
2026-03-04,19:00,Dinner,potatoes from soup,1,bowl,105,2.5,0.4,15,0.2,,
2026-03-04,21:00,Snack,garden assorted biscuits,2,piece,115,2,0.3,15,3,,
2026-03-05,08:30,Breakfast,americano,230,ml,,0,,,0,200,2 beans
2026-03-05,07:30,Breakfast,envy apple,1,piece,130,0.8,,,0,,
2026-03-05,12:20,Snack,almonds,10,piece,80,2.5,1,,0.4,,
2026-03-05,12:30,Hydration,h2o,450,ml,,,,,,0,
2026-03-05,14:30,Lunch,ikea chicken breast,100,g,135,22.5,1,,1.2,,
2026-03-05,14:30,Lunch,bread,100,g,260,9,,,1.2,,
2026-03-05,14:30,Lunch,choco milk low fat,230,ml,155,5.7,,,2.2,,low fat
2026-03-05,16:30,Snack,mentos,12,piece,120,0,,,0,,
2026-03-05,16:30,Hydration,h2o,450,ml,,,,,,0,
2026-03-05,16:45,Snack,kraft singles less fat cheese,1,piece,42.5,3.5,,175,2,,
2026-08-26,07:30,Breakfast,americano,240,ml,,0,,,0,200,2 beans
2026-08-26,07:30,Breakfast,envy apple,1,piece,130,0.8,,,0,,
2026-08-26,07:45,Breakfast,banana,1,piece,115,1.3,0.3,5,0.1,,
2026-08-26,08:22,Hydration,h2o,240,ml,,,,,,0,
2026-08-26,09:00,Breakfast,garden choco marble cake,2,piece,306,4.3,,,7.75,,
2026-08-26,09:00,Breakfast,americano,240,ml,,0,,,0,100,1 beans
2026-08-26,10:30,Hydration,h2o,450,ml,,,,,,0,
2026-08-26,11:13,Snack,almonds,10,piece,85,2.75,1,,0.8,,
2026-08-26,12:10,Snack,almonds,10,piece,85,2.75,1,,0.8,,
2026-08-26,13:20,Hydration,h2o,700,ml,,,,,,0,
2026-08-26,14:30,Lunch,vita choco milk beverage,250,ml,190,6.25,,,2.3,,
2026-08-26,14:30,Lunch,fuku superior soup instant rice noodle,1,pack,229,5.7,,,4,,
2026-08-22,14:30,Lunch,ligo sardine in tomato sauce (no sauce),1,can,147,15,,495,2,,3 servings 5g protein/49kcal each/20mg cholesterol
2026-08-26,15:00,Snack,kraft singles less fat cheese,1,piece,42.5,3.5,,175,2,,
2026-08-26,15:30,Beverage,americano,240,ml,,0,,,0,100,1 beans
2026-08-26,16:00,Hydration,h2o,450,ml,,,,,,0,
2026-08-26,17:30,Snack,mentos,1,piece,10,0,,,0,,
2026-08-26,19:00,Dinner,red bigeye fish soup with wax gourd and tofu,1,bowl,100,8,0.6,120,1.2,,
2026-08-26,19:00,Dinner,fried pork neck,1,bowl,200,15,,,6.5,,
2026-08-26,19:00,Dinner,fried chinese cucumber,1,bowl,40,1.2,0.3,20,0.8,,
2026-08-26,19:00,Dinner,choi sum,2,bowl,55,4,1.5,120,0.3,,
2026-08-26,19:00,Dinner,pan-fried stuffed bell pepper with fish paste,4,piece,380,28,2,50,4.5,,
2026-08-26,19:00,Dinner,chinese steamed egg with pork,1,bowl,180,17,1.8,60,4.5,,
2026-08-26,19:00,Dinner,red bigeye fish soup with wax gourd and tofu,1,bowl,100,8,0.6,120,1.2,,
2026-08-27,07:30,Beverage,americano,240,ml,,0,,,0,200,2 beans
2026-08-27,09:00,Breakfast,envy apple,1,piece,130,0.8,,,0,,
2026-08-27,10:00,Breakfast,chocolate pull-apart milk bread,125,g,172.5,12.6,,,3.75,,
2026-08-27,10:30,Hydration,h2o,240,ml,,,,,,0,
2026-08-27,11:30,Hydration,h2o,450,ml,,,,,,0,
2026-08-27,13:30,Hydration,h2o,450,ml,,,,,,0,
2026-08-27,14:30,Lunch,vita choco milk beverage,250,ml,190,6.25,,,2.3,,
2026-08-27,14:30,Lunch,double cheese chicken onigiri,100,g,198,7,0.4,45,0.6,0,hana-musubi
2026-08-27,14:30,Lunch,chicken in mala sauce onigiri,100,g,195,6.4,0.5,12,0.3,0,hana-musubi
2026-08-27,16:00,Snack,almonds,20,piece,165,5.5,1.5,,0.8,,
2026-08-27,19:30,Dinner,tofu chinese steamed egg 50:50,0.33,bowl,75,6.2,0.7,45,1.1,0,50% silken tofu 50% egg blend; smooth low-GI matrix; gentle on liver lines
2026-08-27,19:30,Dinner,steamed skin-on chicken wing with garlic,3,wing,282,25.8,1.2,15.9,5.1,0,Home-cooked steamed wings
2026-08-27,19:30,Dinner,boiled okra,4,piece,15,0.8,0.2,32,0,0,
2026-08-27,19:30,Dinner,fried eggplant with garlic and chili,4,piece,70,1,0.3,8,1.2,0,
2026-08-27,19:30,Dinner,white rice,1,bowl,242,4.4,0.4,10,0.1,0,
2026-08-27,19:30,Dinner,steamed choi sum,0.33,bowl,10,0.8,0.3,28,0,0,
2026-08-27,19:30,Dinner,hairy gourd (from soup),1,bowl,25,1.2,0.4,20,0.1,0,
2026-08-27,19:30,Dinner,soup liquid (pork salted egg hairy gourd),2,bowl,45,3.5,0.6,35,0.5,0,Liquid base extract; low fat but watch sodium lines due to salted duck egg infusion
2026-08-28,07:45,Beverage,americano,240,ml,,0,,,0,200,2 beans
2026-08-28,08:08,Breakfast,envy apple,1,piece,130,0.8,,,0,,
2026-08-28,09:30,Breakfast,boiled egg,1,piece,70,6.3,0.9,25,1.5,0,
2026-08-28,10:00,Breakfast,boiled okra,3,piece,11,0.7,0.2,30,0,0,
2026-08-28,11:10,Beverage,americano,450,ml,,0,,,0,100,1 beans
2026-08-28,12:13,Lunch,almonds,5,piece,40,1.25,0.5,,0.2,,
2026-08-28,12:13,Lunch,boiled okra,3,piece,11,0.7,0.2,30,0,0,
2026-08-28,12:13,Lunch,banana,1,piece,115,1.3,0.3,5,0.1,,
2026-08-28,12:13,Lunch,boiled egg,1,piece,70,6.3,0.9,25,1.5,0,
2026-08-28,12:40,Hydration,h2o,240,ml,,,,,,0,
2026-08-28,13:45,Beverage,vitasoy calci plus plant sterol soya milk,250,ml,115,5,,300,1.25,0,2.0g plant sterol
2026-08-28,15:15,Snack,almonds,16,piece,120,4,1.2,55,0.7,0,
2026-08-28,18:00,Dinner,edamame,6,spoon,60,5.7,1,60,0.4,0,shelled
2026-08-28,18:45,Dinner,okra,4.5,piece,18,1.4,0.5,40,0,0,
2026-08-28,18:45,Dinner,boiled lettuce,1,bowl,20,1.5,0.8,40,0.1,0,
2026-08-28,18:45,Dinner,steamed lotus root & pork tenderloin patties,0.33,bowl,95,9,1,25,1.8,0,
2026-08-28,18:45,Dinner,cantonese stir-fried bitter gourd with eggs,0.67,bowl,145,9,1.5,50,2.8,0,
2026-08-28,18:45,Dinner,fried salmon fillet,70,g,145,15,0.4,15,2.6,0,small piece; fried in seed oil;
2026-08-28,18:45,Dinner,rice,1,bowl,240,4.5,0.5,10,0.1,0,
2026-08-28,18:45,Dinner,soup liquid only,2,bowl,40,2,0.4,30,0.3,0,carrot tomato onion potato pork leg bone
2026-08-28,18:45,Dinner,carrot from soup,3,piece,25,0.6,0.3,20,0,0,
2026-08-28,20:36,Hydration,h2o,350,ml,0,0,0,0,0,0,
2026-08-28,21:12,Snack,almonds,5,piece,38,1.3,0.4,18,0.2,0,
2026-08-28,22:47,Snack,almonds,5,piece,38,1.3,0.4,18,0.2,0,
2026-08-28,22:40,Hydration,h2o,150,ml,,,,,,0,
2026-08-29,09:28,Breakfast,okra,3.5,piece,14,0.8,0.4,30,0,0,
2026-08-29,09:28,Breakfast,boiled egg,1,piece,70,6.3,0.9,25,1.5,0,
2026-08-29,09:28,Beverage,americano,350,ml,5,0,0,0,0,100,ucc instant 114
2026-08-29,09:28,Snack,edamame,4,spoon,40,3.8,0.7,40,0.25,0,shelled
2026-08-29,12:38,Snack,four seas seaweed,1,pack,20,1.5,1.5,20,0.05,0,3-4 sheets
2026-08-29,12:38,Snack,almonds,5,piece,40,1.25,0.5,,0.2,,
2026-08-29,13:05,Snack,envy apple,240,g,130,1.5,0.3,15,0,0,
2026-08-29,13:10,Lunch,boiled choi sum,1,bowl,30,2.5,1,60,0.1,0,
2026-08-29,13:10,Lunch,steamed lotus root & pork tenderloin patties,0.25,bowl,80,8,0.8,20,1.6,0,
2026-08-29,13:10,Lunch,steamed egg with pork tenderloin,0.33,bowl,125,11,1,40,3.2,0,
2026-08-29,13:10,Lunch,ham and fried egg,1,piece,95,8,0.8,20,2.4,0,4x8cm
2026-08-29,13:10,Lunch,rice,1,bowl,240,4.5,0.5,10,0.1,0,
2026-08-29,13:30,Beverage,vitasoy calci plus plant sterol soya milk,250,ml,115,5,,300,1.25,0,2.0g plant sterol
2026-08-29,13:55,Snack,beef ball,0.5,piece,30,2.5,0.3,10,0.6,0,
2026-08-29,15:00,Beverage,americano,350,ml,5,0,0,0,0,100,ucc instant 114
2026-08-29,16:10,Snack,almonds,10,piece,85,2.75,1,,0.4,,
2026-08-29,16:30,Dinner,soup,0.5,bowl,25,1.5,0.3,20,0.2,0,liquid only carrot tomato onion potato 3 piece pork leg
2026-08-29,16:30,Dinner,carrot and tomato from soup,4,piece,30,1,0.3,20,0.1,0,
2026-08-29,12:40,Hydration,h2o,270,ml,,,,,,0,
2026-08-29,19:36,Dinner,okra,5,piece,20,1.5,0.6,50,0,0,
2026-08-29,19:36,Dinner,steamed egg with tofu,3,spoon,70,6.5,0.7,60,1.2,0,egg:tofu = 30:70
2026-08-29,19:36,Dinner,steamed salmon,100,g,190,21,0.5,15,2.9,0,
2026-08-29,19:36,Dinner,steamed choi sum,0.5,bowl,22,1.8,0.7,40,0.1,0,
2026-08-29,19:36,Dinner,steamed lotus root & pork tenderloin patties,0.2,bowl,60,6.5,0.6,15,1.3,0,
2026-08-29,21:15,Snack,edamame,4,spoon,40,3.8,0.7,40,0.25,0,shelled
2026-08-29,23:00,Snack,konjac glucomannan jelly,2,piece,15,0.2,0.1,10,0,0,high soluble fiber
2026-08-30,10:10,Snack,edamame,4,spoon,40,3.8,0.7,40,0.25,0,shelled
2026-08-30,10:10,Snack,envy apple,240,g,130,1.5,0.3,15,0,0,
2026-08-30,10:10,Snack,steamed japanese potato,130,g,115,2.5,0.8,15,0.1,0,58+72g
2026-08-30,11:00,Hydration,h2o,350,ml,0,0,0,0,0,0,
2026-08-30,13:00,Snack,edamame,4,spoon,40,3.8,0.7,40,0.25,0,shelled
2026-08-30,13:57,Lunch,vegetable soup,1,bowl,70,2.5,0.6,30,0.4,0,pizza hut - red
2026-08-30,13:57,Lunch,caesar salad,0.6,serving,250,22,1.5,80,2.2,0,pizza hut - 4 chicken; no skin; no dressing; no croutons;
2026-08-30,13:57,Beverage,americano,280,ml,5,0,0,0,0,80,pizza hut
2026-08-30,13:57,Hydration,h2o,200,ml,0,0,0,0,0,0,
2026-08-30,16:00,Snack,edamame,3.5,spoon,35,3.3,0.6,35,0.22,0,shelled
2026-08-30,16:00,Hydration,h2o,150,ml,0,0,0,0,0,0,
2026-08-30,18:10,Snack,konjac glucomannan jelly,2,piece,15,0.2,0.1,10,0,0,lemon salt
2026-08-30,19:30,Dinner,filet-o-fish no sauce,0.5,piece,150,7.5,0.8,40,1.1,0,
2026-08-30,19:30,Dinner,corn,1,cup,70,2.5,0.5,10,0.2,0,
2026-08-30,19:30,Dinner,mcwing,0.33,piece,35,2.5,0.3,5,0.4,0,1 bite
2026-08-30,19:30,Dinner,steamed sweet potato,130,g,110,2,0.6,30,0.1,0,60+70g
2026-08-30,19:30,Dinner,vitasoy calci plus plant sterol soya milk,250,ml,115,5,,300,1.25,0,2.0g plant sterol
2026-08-30,19:30,Hydration,h2o,300,ml,0,0,0,0,0,0,
2026-08-30,20:40,Snack,envy apple,100,g,50,0.3,0.15,6,0,0,
2026-08-30,21:10,Snack,hoshi fish snack,5,g,20,3,0.3,20,0.2,0,
2026-08-30,22:00,Snack,okra,1,piece,4,0.3,0.1,10,0,0,
2026-08-30,22:00,Hydration,h2o,200,ml,0,0,0,0,0,0,
2026-08-31,08:10,Breakfast,envy apple,257,g,135,0.9,,,0,,
2026-08-31,08:55,Breakfast,americano,240,ml,,0,,,0,200,2 beans; filtered
2026-08-31,09:35,Breakfast,boiled okra,4,piece,15,0.8,0.2,32,0,0,
2026-08-31,09:49,Breakfast,almonds,5,piece,40,1.25,0.5,,0.2,,
2026-08-31,10:15,Breakfast,steamed japanese potato,70,g,63,1.1,0.4,12,0,0,
2026-08-31,11:00,Hydration,h2o,450,ml,0,0,0,0,0,0,
2026-08-31,11:48,Snack,edamame,4,spoon,40,3.8,0.7,40,0.25,0,shelled
2026-08-31,12:45,Hydration,h2o,450,ml,0,0,0,0,0,0,
2026-08-31,14:30,Lunch,boiled okra,4,piece,15,0.8,0.2,32,0,0,
2026-08-31,14:35,Lunch,instant chicken breast,100,g,137.5,19.5,1,,1,,
2026-08-31,14:40,Lunch,vitasoy calci plus plant sterol soya milk,250,ml,115,5,,300,1.25,0,2.0g plant sterol
2026-08-31,14:40,Lunch,steamed japanese potato,130,g,115,2.5,0.8,15,0.1,0,
2026-08-31,15:00,Hydration,h2o,450,ml,0,0,0,0,0,0,
2026-08-31,16:15,Snack,almonds,5,piece,40,1.25,0.5,,0.2,,
2026-08-31,16:20,Snack,banana,1,piece,115,1.3,0.3,5,0.1,,
2026-08-31,16:30,Hydration,h2o,450,ml,0,0,0,0,0,0,
2026-08-31,17:08,Snack,almonds,5,piece,40,1.25,0.5,,0.2,,
2026-08-31,18:45,Dinner,beef trimming vegetable soup liquid only,1,bowl,40,2.5,0.4,25,0.4,0,beef only for taste
2026-08-31,18:45,Dinner,okra,10.5,piece,40,3,1,80,0,0,
2026-08-31,18:45,Dinner,fried tofu,2,piece,55,5.5,0.8,80,0.5,0,silken pan-fried lightly 4x4x1cm each
2026-08-31,18:45,Dinner,chicken wing,1,piece,80,13,0.6,10,1.2,0,air-fried no skin
2026-08-31,18:45,Dinner,straw mushroom wood ear celery pork,0.6,bowl,125,16,1,35,1.8,0,thin cutted lean pork + mushrooms + celery + wood ear
2026-08-31,21:00,Snack,hoshi fish snack,5,g,22,3.2,0.3,20,0.25,0,
2026-08-31,21:25,Hydration,h2o,350,ml,0,0,0,0,0,0,
2026-09-01,07:45,Breakfast,envy apple,257,g,135,0.9,,,0,,
2026-09-01,08:00,Breakfast,americano,240,ml,,0,,,0,200,2 beans; filtered
2026-09-01,09:00,Hydration,h2o,450,ml,0,0,0,0,0,0,
2026-09-01,09:27,Breakfast,edamame,4,spork,52,4.8,0.7,40,0.28,0,shelled; Snow Peak titanium spork; ~10-12g per spork
2026-09-01,09:45,Breakfast,steamed japanese potato,70,g,63,1.1,0.4,12,0,0,
2026-09-01,10:30,Hydration,h2o,450,ml,0,0,0,0,0,0,
2026-09-01,11:00,Snack,almonds,5,piece,40,1.25,0.5,,0.2,,
2026-09-01,11:10,Hydration,h2o,450,ml,0,0,0,0,0,0,
2026-09-01,12:50,Hydration,h2o,450,ml,0,0,0,0,0,0,
2026-09-01,13:30,Hydration,h2o,620,ml,0,0,0,0,0,0,
2026-09-01,14:30,Lunch,vitasoy calci plus plant sterol soya milk,250,ml,115,5,,300,1.25,0,2.0g plant sterol
2026-09-01,14:30,Lunch,edamame,5,spork,65,6,0.9,50,0.35,0,shelled; Snow Peak titanium spork; ~10-12g per spork
2026-09-01,14:30,Lunch,steamed japanese potato,200,g,180,3.5,1,20,0.15,0,
2026-09-01,14:30,Lunch,sardine in salted water,70,g,47,11.3,1.1,40,0,0,Donki; label per 100g: 67.1kcal; 16.1g protein; 0.4g total fat; 0g sat fat
2026-09-01,15:30,Snack,almonds,5,piece,40,1.25,0.5,,0.2,,
2026-09-01,15:40,Hydration,h2o,450,ml,0,0,0,0,0,0,
2026-09-01,16:00,Hydration,h2o,400,ml,0,0,0,0,0,0,
2026-09-01,16:15,Snack,sansui tofu dessert,1,pack,136,4.4,0.8,60,0.66,0,220g; label per 100g: 62kcal; 2g protein; 1.5g total fat; 0.3g sat fat; 9.5g sugars
2026-09-01,18:45,Dinner,steamed choi sum,0.5,bowl,22,1.8,0.7,40,0.1,0,
2026-09-01,18:45,Dinner,corn from soup,4,piece,60,2,0.4,5,0.05,0,small pieces
2026-09-01,18:45,Dinner,soup liquid only,2,bowl,50,3.5,0.5,30,0.5,0,apple corn lean pork
2026-09-01,18:45,Dinner,eggplant with green beans,1,serving,80,3.5,0.6,25,0.6,0,
2026-09-01,18:45,Dinner,steamed egg with crab roe,120,g,100,9,0.8,40,1.5,0,most crab roe removed for family
2026-09-01,18:45,Dinner,pan-fried shrimp and pork,2,piece,95,11.5,0.7,20,1.8,0,
2026-09-01,18:45,Dinner,rice,1,bowl,240,4.5,0.5,10,0.1,0,
2026-09-01,18:45,Dinner,okra,10,piece,38,2.8,0.9,70,0,0,thailand
2026-09-01,19:45,Snack,hoshi fish snack,5,g,22,3.2,0.3,20,0.25,0,
2026-09-01,19:45,Hydration,h2o,350,ml,0,0,0,0,0,0,
2026-09-01,21:00,Snack,konjac glucomannan jelly,2,piece,15,0.2,0.1,10,0,0,lemon salt
2026-09-02,07:40,Breakfast,corn from soup,8,piece,120,4,0.8,5,0.1,0,small pieces
2026-09-02,08:00,Breakfast,americano,240,ml,,0,,,0,200,2 beans; filtered
2026-09-02,08:30,Breakfast,okra,5,piece,20,1.5,0.6,50,0,0,
2026-09-02,08:45,Breakfast,envy apple,257,g,135,0.9,,,0,,
2026-09-02,09:00,Hydration,h2o,450,ml,0,0,0,0,0,0,
2026-09-02,09:25,Breakfast,almonds,5,piece,40,1.25,0.5,,0.2,,
2026-09-02,09:30,Breakfast,banana,130,g,115,1.3,0.3,5,0.1,,
2026-09-02,09:50,Hydration,h2o,450,ml,0,0,0,0,0,0,
2026-09-02,11:20,Breakfast,steamed japanese potato,70,g,63,1.1,0.4,12,0,0,
2026-09-02,11:30,Hydration,h2o,900,ml,0,0,0,0,0,0,
2026-09-02,13:30,Hydration,h2o,720,ml,0,0,0,0,0,0,
2026-09-02,14:30,Lunch,okra,5,piece,20,1.5,0.6,50,0,0,
2026-09-02,14:30,Lunch,instant chicken breast,100,g,137.5,19.5,1,,1,,
2026-09-02,14:30,Lunch,vitasoy calci plus plant sterol soya milk,250,ml,115,5,,300,1.25,0,2.0g plant sterol
2026-09-02,14:45,Lunch,steamed japanese potato,200,g,180,3.5,1,20,0.15,0,
2026-09-02,15:00,Hydration,h2o,450,ml,0,0,0,0,0,0,
2026-09-02,16:15,Snack,almonds,10,piece,85,2.75,1,,0.4,,
2026-09-02,18:45,Dinner,red bigeye fish soup with tomato potato and carrot,2,bowl,90,10,0.8,40,1.2,0,lean fish; liquid + some solids
2026-09-02,18:45,Dinner,okra,5,piece,20,1.5,0.6,50,0,0,
2026-09-02,18:45,Dinner,boiled choi sum,0.33,bowl,15,1.2,0.5,25,0.05,0,
2026-09-02,18:45,Dinner,stir-fried egg with cucumber,0.33,bowl,85,7.5,0.8,35,1.8,0,
2026-09-02,18:45,Dinner,steamed yellow bell pepper with chicken without skin,1,small bowl,95,14,0.6,15,1,0,only the portion in the small bowl; plate was shared 2 portions
2026-09-02,18:45,Dinner,rice,1,bowl,240,4.5,0.5,10,0.1,0,
2026-09-02,20:50,Snack,konjac glucomannan jelly,1,piece,7.5,0.1,0.05,5,0,0,lemon salt
2026-09-03,08:00,Breakfast,envy apple,257,g,135,0.9,,,0,,
2026-09-03,08:20,Breakfast,americano,240,ml,,0,,,0,200,2 beans; filtered
2026-09-03,09:30,Breakfast,edamame,4,spoon,40,3.8,0.7,40,0.25,0,shelled
2026-09-03,09:35,Breakfast,organic cereal bread with walnut,55,g,184,4.9,0.7,25,0.66,0,label per 100g: 335kcal protein 8.9g; total fat 13.1g; sat fat 1.2g; carbo 45.4g; sugar 9g; sodium 373mg
2026-09-03,09:50,Hydration,h2o,450,ml,0,0,0,0,0,0,
2026-09-03,11:26,Snack,edamame,4,spoon,40,3.8,0.7,40,0.25,0,shelled
2026-09-03,11:45,Hydration,h2o,240,ml,0,0,0,0,0,0,
2026-09-03,12:15,Snack,banana,130,g,115,1.3,0.3,5,0.1,,
2026-09-03,12:23,Hydration,h2o,450,ml,0,0,0,0,0,0,
2026-09-03,13:30,Hydration,h2o,600,ml,0,0,0,0,0,0,
2026-09-03,14:40,Lunch,okra,6,piece,23,1.8,0.7,55,0,0,
2026-09-03,14:40,Lunch,avocado,131,g,210,2.6,0.8,17,2.8,0,NZ Darling avocado; whole fruit 182g; edible flesh ~72% (skin+seed discarded);
2026-09-03,14:40,Lunch,organic cereal bread with walnut,60,g,201,5.3,0.4,15,0.72,0,label per 100g: 335kcal protien 8.9g; total fat 13.1g; sat fat 1.2g; carbo 45.4g; sugar 9g; sodium 373mg
2026-09-03,14:45,Lunch,vitasoy calci plus plant sterol soya milk,250,ml,115,5,,300,1.25,0,2.0g plant sterol
2026-09-03,14:50,Lunch,boiled egg,1,piece,70,6.3,0.9,25,1.5,0,
2026-09-03,16:44,Hydration,h2o,450,ml,0,0,0,0,0,0,
2026-09-03,19:30,Dinner,hairy gourd lean pork salty egg soup liquid only,2,bowl,50,3.5,0.4,30,0.6,0,lean pork for taste only 節瓜瘦肉咸蛋湯
2026-09-03,19:30,Dinner,okra,5.5,piece,22,1.7,0.7,55,0,0,
2026-09-03,19:30,Dinner,rice,1,bowl,240,4.5,0.5,10,0.1,0,
2026-09-03,19:30,Dinner,Chinese steamed egg with lean pork 50/50,0.33,bowl,90,9,0.8,40,1.6,0,
2026-09-03,19:30,Dinner,chayote enoki and lean pork slices,0.33,bowl,85,11,0.7,25,1.4,0,合掌瓜 金菇 梅頭豬肉片
2026-09-03,19:30,Dinner,hairy gourd from soup,1,bowl,25,1,0.3,20,0.05,0,
2026-09-03,19:30,Dinner,boiled lettuce,1,bowl,15,1.2,0.4,30,0.05,0,
2026-09-03,19:50,Snack,hoshi fish snack,5,g,22,3.2,0.3,20,0.25,0,
2026-09-03,21:50,Snack,konjac glucomannan jelly,2,piece,7.5,0.1,0.05,5,0,0,lemon salt
2026-09-03,22:00,Hydration,h2o,350,ml,0,0,0,0,0,0,
2026-09-04,07:50,Breakfast,envy apple,257,g,135,0.9,,,0,,
2026-09-04,07:55,Breakfast,americano,240,ml,,0,,,0,200,2 beans; filtered
2026-09-04,09:03,Hydration,h2o,450,ml,0,0,0,0,0,0,
2026-09-04,11:00,Hydration,h2o,450,ml,0,0,0,0,0,0,
2026-09-04,11:20,Breakfast,avocado,131,g,210,2.6,0.8,17,2.8,0,NZ Darling avocado; whole fruit 182g; edible flesh ~72% (skin+seed discarded);
2026-09-04,11:30,Hydration,h2o,450,ml,0,0,0,0,0,0,
2026-09-04,13:30,Hydration,h2o,1000,ml,0,0,0,0,0,0,
2026-09-04,14:30,Lunch,edamame,4.5,spork,45,4.3,0.8,45,0.28,0,shelled; Snow Peak titanium spork; \~10-12g per spork
2026-09-04,14:40,Lunch,rice,0.75,bowl,180,3.4,0.4,8,0.08,0,
2026-09-04,14:40,Lunch,Chinese steamed egg with lean pork 50/50,0.25,bowl,70,7,0.6,30,1.2,0,
2026-09-04,14:40,Lunch,chayote enoki and lean pork slices,0.25,bowl,65,8.5,0.5,20,1.1,0,合掌瓜 金菇 梅頭豬肉片
2026-09-04,14:40,Lunch,boiled lettuce / greens,0.25,bowl,5,0.4,0.15,8,0.02,0,
2026-09-04,14:53,Lunch,vitasoy calci plus plant sterol soya milk,250,ml,115,5,,300,1.25,0,2.0g plant sterol
2026-09-04,16:15,Hydration,h2o,450,ml,0,0,0,0,0,0,
2026-09-04,17:00,Snack,almonds,5,piece,40,1.25,0.5,,0.2,,
2026-09-04,17:00,Hydration,h2o,450,ml,0,0,0,0,0,0,
2026-09-04,19:30,Dinner,carrot corn lean pork soup liquid only,2,bowl,60,4,0.5,40,0.5,0,lean pork for taste
2026-09-04,19:30,Dinner,steamed salmon small piece,0.33,bowl,110,12,0.5,15,1.8,0,
2026-09-04,19:30,Dinner,tofu steamed pork patty 1:2 lean,0.5,bowl,140,14,1,50,2.2,0,ate all from both photos
2026-09-04,19:30,Dinner,boiled lettuce,0.5,bowl,10,0.8,0.3,20,0.03,0,
2026-09-04,19:30,Dinner,boiled okra,5,piece,20,1.5,0.6,50,0,0,
2026-09-04,19:30,Dinner,stir-fried cucumber with egg,0.33,bowl,35,2,0.3,15,0.4,0,very little egg just coating the cucumber
2026-09-04,21:20,Snack,sansui tofu dessert,1,pack,136,4.4,0.8,60,0.66,0,220g; label per 100g: 62kcal; 2g protein; 1.5g total fat; 0.3g sat fat; 9.5g sugars
2026-09-04,21:50,Snack,konjac glucomannan jelly,2,piece,7.5,0.1,0.05,5,0,0,
2026-09-05,08:50,Snack,envy apple,240,g,130,1.5,0.3,15,0,0,
2026-09-05,09:40,Breakfast,boiled okra,70,g,25,1.8,0.5,55,0,0,7 pieces
2026-09-05,09:50,Breakfast,steamed potato,46,g,40,0.8,0.3,8,0,0,
2026-09-05,10:15,Hydration,h2o,350,ml,0,0,0,0,0,0,
2026-09-05,11:30,Hydration,h2o,350,ml,0,0,0,0,0,0,
2026-09-05,12:20,Lunch,edamame,5,spoon,55,5.5,0.8,45,0.3,0,shelled
2026-09-05,12:20,Lunch,boiled egg,1,piece,70,6.3,0.9,25,1.5,0,
2026-09-05,12:20,Lunch,oatmeal,36,g,135,4.5,1.5,20,0.5,0,dry weight; made to 350ml with hot water
2026-09-05,12:40,Lunch,chinese cabbage,0.67,bowl,20,1.5,0.5,40,0.1,0,
2026-09-05,12:45,Lunch,lettuce,0.33,bowl,8,0.6,0.2,15,0,0,
2026-09-05,13:55,Snack,macaroni with lean pork soup,70,g,105,5,0.5,15,0.5,0,only the macaroni
2026-09-05,14:00,Beverage,vitasoy calci plus plant sterol soya milk,250,ml,115,5,,300,1.25,0,2.0g plant sterol
2026-09-05,16:20,Snack,white bread,1,piece,120,3.5,0.8,20,0.8,0,garden
2026-09-05,16:25,Snack,edamame,6,spoon,65,6.5,1,55,0.35,0,shelled
2026-09-05,18:30,Snack,hoshi fish snack,5,g,22,3.2,0.3,20,0.25,0,
2026-09-05,19:20,Dinner,edamame,3,spoon,35,3.5,0.5,30,0.2,0,shelled
2026-09-05,19:20,Dinner,carrot corn lean pork soup liquid only,2,bowl,60,4,0.5,40,0.5,0,lean pork for taste
2026-09-05,19:20,Dinner,rice,1,bowl,240,4.5,0.5,10,0.1,0,
2026-09-05,19:20,Dinner,okra,5,piece,20,1.5,0.5,40,0,0,
2026-09-05,19:20,Dinner,steamed choi sum,0.5,bowl,22,1.8,0.7,40,0.1,0,
2026-09-05,19:20,Dinner,chicken with bell pepper no skin,0.33,bowl,100,15,0.7,15,1.2,0,
2026-09-05,19:20,Dinner,steamed egg with tofu 50:50,0.33,bowl,80,7.5,0.7,50,1.2,0,
2026-09-05,19:20,Dinner,salmon,70,g,135,15.5,0.4,12,2.1,0,
2026-09-05,23:00,Hydration,h2o,700,ml,0,0,0,0,0,0,
2026-09-06,09:00,Breakfast,okra,2,piece,8,0.6,0.2,20,0,0,
2026-09-06,09:00,Breakfast,boiled egg,1,piece,70,6.3,0.9,25,1.5,0,
2026-09-06,09:00,Breakfast,steamed potato,60,g,50,1,0.3,8,0,0,
2026-09-06,09:30,Breakfast,garden white bread,1,piece,120,3.5,0.8,20,0.8,0,
2026-09-06,09:30,Breakfast,instant coffee,350,ml,5,0,0,0,0,50,ucc 114 1.5 spoon
2026-09-06,10:15,Hydration,h2o,350,ml,0,0,0,0,0,0,
2026-09-06,12:52,Lunch,edamame,4,spoon,40,3.8,0.7,40,0.25,0,shelled
2026-09-06,12:52,Lunch,grilled tamago small,1,piece,25,1.8,0.2,10,0.4,0,hama sushi 2x2x1cm
2026-09-06,12:52,Lunch,raw octopus nigiri,2,piece,50,4.5,0.3,15,0.1,0,hama sushi
2026-09-06,12:52,Lunch,sweet shrimp nigiri,1,piece,25,2.5,0.2,10,0.1,0,hama sushi
2026-09-06,12:52,Lunch,lean tuna nigiri,1,piece,30,3.5,0.2,5,0.15,0,hama sushi 赤身
2026-09-06,12:52,Lunch,albacore tuna nigiri,1,piece,35,3.5,0.3,8,0.3,0,hama sushi 長鰭
2026-09-06,12:52,Lunch,clear soup yuba udon,1,bowl,320,9,1.5,40,2.7,0,hama sushi oil-fried tofu skin x2; clear broth
2026-09-06,12:52,Lunch,tuna mince roll,1.5,piece,80,5,0.4,15,1.1,0,hama sushi
2026-09-06,12:52,Lunch,spinach,0.3,bowl,10,0.8,0.3,15,0.05,0,hama sushi spinach from daughter udon in clear soup
2026-09-06,12:52,Hydration,h2o,200,ml,0,0,0,0,0,0,
2026-09-06,14:00,Beverage,vitasoy calci plus plant sterol soya milk,250,ml,115,5,,300,1.25,0,2.0g plant sterol
2026-09-06,14:30,Beverage,asahi wonda black coffee,400,ml,5,0,0,0,0,80,
2026-09-06,16:25,Snack,edamame,2,spoon,20,2,0.4,25,0.15,0,shelled
2026-09-06,16:25,Snack,cocoaland mango gummy,1,piece,20,0,0,0,0,0,
2026-09-06,16:25,Hydration,h2o,200,ml,0,0,0,0,0,0,
2026-09-06,18:00,Dinner,double cheese chicken onigiri,100,g,198,7,0.5,45,0.6,0,hana-musubi
2026-09-06,18:00,Dinner,grilled salmon belly onigiri,100,g,209,5.4,0.4,15,0.3,0,hana-musubi
2026-09-06,18:00,Hydration,h2o,400,ml,0,0,0,0,0,0,
2026-09-06,21:15,Snack,imuraya tofu dessert,180,g,113,5,0.7,50,0.36,0,200g pack minus a few spoons shared with kids; label per 100g: 63kcal; protein 2.8g; total fat 1.7g; sat fat 0.2g; carbo 9.3g; sugar 8.1g; sodium 3.3mg
2026-09-06,21:20,Hydration,h2o,250,ml,0,0,0,0,0,0,
2026-09-06,22:10,Beverage,asahi dry zero,350,ml,0,0,0,0,0,0,0.00% alcohol; 0 kcal; 0g sat fat; 0g sugar
2026-09-07,07:45,Breakfast,edamame,28,g,34,3.3,0.6,18,0.2,0,shelled; 4 muji coffee spoon total 28g
2026-09-07,07:45,Breakfast,envy apple,290,g,145,1,0.3,15,0,0,whole weight 290g; edible 250-260g
2026-09-07,08:30,Breakfast,americano,240,ml,,0,,,0,200,2 beans; filtered
2026-09-07,09:30,Hydration,h2o,450,ml,0,0,0,0,0,0,
2026-09-07,09:50,Hydration,h2o,450,ml,0,0,0,0,0,0,
2026-09-07,10:55,Breakfast,edamame,28,g,34,3.3,0.6,18,0.2,0,shelled; 4 muji coffee spoon total 28g
2026-09-07,10:55,Breakfast,organic cereal bread with walnut,60,g,201,5.3,1.2,25,0.72,0,label per 100g: 335kcal protein 8.9g; total fat 13.1g; sat fat 1.2g
2026-09-07,12:00,Snack,banana,198,g,175,2,0.5,10,0.2,0,whole weight; edible \~175g
2026-09-07,12:16,Hydration,h2o,450,ml,0,0,0,0,0,0,
2026-09-07,14:30,Lunch,edamame,28,g,34,3.3,0.6,18,0.2,0,shelled; 4 muji coffee spoon total 28g
2026-09-07,14:30,Lunch,chicken thigh no skin,118,g,195,28,0.9,15,2,0,156g with bone/skin; discarded 38g; edible lean ~118g
2026-09-07,14:30,Lunch,organic cereal bread with walnut,40,g,134,3.6,0.8,15,0.48,0,label per 100g: 335kcal protein 8.9g; total fat 13.1g; sat fat 1.2g
2026-09-07,14:30,Hydration,h2o,350,ml,0,0,0,0,0,0,
2026-09-07,14:50,Beverage,vitasoy calci plus plant sterol soya milk,250,ml,115,5,,300,1.25,0,2.0g plant sterol
2026-09-07,16:00,Hydration,h2o,450,ml,0,0,0,0,0,0,
2026-09-07,16:45,Snack,almonds,10,piece,85,2.75,1,,0.4,,
2026-09-07,18:45,Dinner,white rice,1,bowl,240,4.5,0.5,10,0.1,0,
2026-09-07,18:45,Dinner,pan-fried tofu,3,piece,160,13,1.5,80,1.6,0,
2026-09-07,18:45,Dinner,okinawa okra,6,piece,25,1.8,0.6,50,0,0,
2026-09-07,18:45,Dinner,chayote minced pork wood ear sprouts,0.5,bowl,90,8,0.6,25,1.3,0,合掌瓜 + 免治豬肉 + 木耳 + 少許芽菜
2026-09-07,18:45,Dinner,eggplant,4,piece,40,1.5,0.3,15,0.2,0,
2026-09-07,18:45,Dinner,boiled choi sum,0.5,bowl,18,1.5,0.5,30,0.05,0,
2026-09-07,18:45,Dinner,watercress corn pork shank soup,1,bowl,40,3,0.4,25,0.6,0,
2026-09-07,18:45,Dinner,lean pork shank from soup,25,g,45,6.5,0.4,5,0.6,0,no fat no bone
2026-09-07,18:45,Dinner,chestnut from soup,1,piece,18,0.3,0.1,5,0.05,0,
2026-09-07,18:45,Dinner,corn from soup,4,piece,35,1.2,0.2,5,0.1,0,
2026-09-07,18:45,Dinner,watercress corn pork shank soup,1,bowl,35,2.5,0.3,20,0.5,0,second bowl
2026-09-07,21:00,Snack,konjac glucomannan jelly,2,piece,8,0.1,0.05,5,0,0,
2026-09-07,21:15,Snack,edamame,1,spoon,12,1.1,0.2,12,0.06,0,shelled
2026-09-07,22:00,Snack,maxims sourdough bread sliced,10,g,24,0.9,0.1,2,0.04,0,label per 100g: 239kcal; protein 9.2g; total fat 2.1g; saturated fat 0.4g; trans fat 0g; carbo 46g; fibre 3.5g; sugars 2.9g; sodium 653mg
2026-09-07,22:00,Hydration,h2o,350,ml,0,0,0,0,0,0,
2026-09-08,09:00,Breakfast,boiled okra,3,piece,16,1.2,0.4,35,0,0,47g
2026-09-08,08:35,Breakfast,envy apple,267.5,g,135,1,0.3,12,0,0,whole weight 267.5g; edible \~230-240g
2026-09-08,08:40,Breakfast,americano,240,ml,5,0,0,0,0,50,2 beans; filtered
2026-09-08,09:35,Breakfast,organic cereal bread with walnut,36,g,121,3.2,0.4,9,0.43,0,label per 100g: 335kcal protein 8.9g; total fat 13.1g; sat fat 1.2g
2026-09-08,10:18,Breakfast,edamame,28,g,34,3.3,0.6,18,0.2,0,shelled; 4 muji coffee spoon total 28g
2026-09-08,10:25,Beverage,top soya organic extra rich soymilk no sugar,500,ml,205,19,1.5,50,1.5,0,label per 100ml: 41kcal; 3.8g protein; 2.0g total fat; 0.3g sat fat; 0.5g sugar
2026-09-08,11:40,Hydration,h2o,450,ml,0,0,0,0,0,0,
2026-09-08,12:07,Hydration,h2o,450,ml,0,0,0,0,0,0,
2026-09-08,12:07,Snack,banana,206,g,160,1.8,0.4,9,0.15,0,whole weight 206g; edible ~180g
2026-09-08,12:50,Hydration,h2o,400,ml,0,0,0,0,0,0,
2026-09-08,14:30,Lunch,maxims sourdough bread sliced,108.6,g,259,10.0,0.9,22,0.43,0,label per 100g: 239kcal; protein 9.2g; total fat 2.1g; saturated fat 0.4g; trans fat 0g; carbo 46g; fibre 3.5g; sugars 2.9g; sodium 653mg
2026-09-08,14:30,Lunch,boiled okra,4,piece,20,1.5,0.6,45,0.0,0,60.7g
2026-09-08,14:30,Snack,edamame,31,g,38,3.6,0.7,22,0.22,0,shelled; 4 muji coffee spoon total 31g
2026-09-08,14:30,Lunch,sardine in salted water,70,g,47,11.3,1.1,40,0,0,Donki; label per 100g: 67.1kcal; 16.1g protein; 0.4g total fat; 0g sat fat
2026-09-08,14:40,Lunch,vitasoy calci plus plant sterol soya milk,250,ml,115,5,,300,1.25,0,2.0g plant sterol
2026-09-08,16:00,Hydration,h2o,450,ml,0,0,0,0,0,0,
2026-09-08,17:10,Snack,edamame,23,g,28.5,2.7,0.53,16.5,0.17,0,shelled; 3 muji coffee spoon
2026-09-08,19:00,Dinner,apple pear fig soup,2,bowl,80,2.0,0.3,20,0.0,0,all plant clear soup
2026-09-08,19:00,Dinner,pan-fried chicken thigh no skin with pineapple,56.8,g,110,16.0,0.8,10,1.3,0,56.8g chicken + small pineapple pieces
2026-09-08,19:00,Dinner,boiled okra,5,piece,33,2.0,0.7,60,0.0,0,100g
2026-09-08,19:00,Dinner,salmon mince egg,76.2,g,113,9.5,0.9,45,1.7,0,original 63.8g + extra 12.4g; salmon mince <=1/5
2026-09-08,19:00,Dinner,spinach napa bean sprout glass noodle,200.9,g,180,4.0,1.0,50,0.3,0,glass noodle \~80%
2026-09-08,19:00,Dinner,canned abalone,10.8,g,10,2.0,0.2,5,0.05,0,
2026-09-08,19:00,Dinner,white rice,1,bowl,240,4.5,0.5,10,0.1,0,
2026-09-08,20:00,Hydration,h2o,350,ml,0,0,0,0,0,0,
2026-09-08,21:30,Snack,nutritionist mooncake,25.2,g,120,2.8,0.5,15,1.8,0,half; pine nut + pumpkin seed + more lotus paste; plant oil; not lard
2026-09-08,22:00,Snack,konjac glucomannan jelly,2,piece,8,0.1,0.05,5,0,0,
2026-09-08,22:00,Hydration,h2o,350,ml,0,0,0,0,0,0,
2026-09-09,08:00,Breakfast,envy apple,270,g,135,1,0.3,12,0,0,whole weight 267.5g; edible \~230-240g
2026-09-09,08:00,Breakfast,americano,240,ml,5,0,0,0,0,50,2 beans; filtered
2026-09-09,08:30,Hydration,h2o,450,ml,0,0,0,0,0,0,
2026-09-09,08:55,Breakfast,edamame,30,g,38,3.6,0.7,22,0.22,0,shelled; 4 muji coffee spoon total 30g
2026-09-09,09:45,Breakfast,steamed potato,65.4,g,57,1.2,0.2,5,0.0,0,
2026-09-08,09:50,Hydration,h2o,450,ml,0,0,0,0,0,0,
2026-09-09,12:25,Snack,banana,115,g,102,1.3,0.3,6,0.1,0,whole weight; edible \~100g
2026-09-09,13:20,Hydration,h2o,1500,ml,0,0,0,0,0,0,
2026-09-09,14:30,Lunch,boiled okra,4,piece,20,1.5,0.6,45,0.0,0,60.7g
2026-09-09,14:40,Lunch,avocado,63.5,g,102,1.3,0.4,8,1.3,0,half; weighted without seed
2026-09-09,14:30,Lunch,choco milk low fat,236,ml,155,5.7,0.2,410,2.1,0,low fat; Label per serving: 155 kcal; 5.7g protien; total fat 5.7g; sat fat 2.1g; trans fat 0g; cholesterol 12mg; carbo 25.5g; sugar 25.3g; sodium 215mg; calcium 401mg; vit d 2.4ug
2026-09-09,14:45,Lunch,sardine in salted water,70,g,47,11.3,1.1,40,0,0,Donki; label per 100g: 67.1kcal; 16.1g protein; 0.4g total fat; 0g sat fat
2026-09-09,15:00,Lunch,banana,115,g,102,1.3,0.3,6,0.1,0,whole weight; edible \~100g
2026-09-09,15:45,Lunch,steamed potato,130,g,113,2.5,0.4,5,0.0,0,
2026-09-09,16:45,Snack,edamame,56,g,68,6.6,1.2,36,0.4,0,shelled; 8 muji coffee spoon total 28g
2026-09-09,16:45,Beverage,vitasoy calci plus plant sterol soya milk,250,ml,115,5,,300,1.25,0,2.0g plant sterol
2026-09-09,17:10,Hydration,h2o,450,ml,0,0,0,0,0,0,
2026-09-09,18:50,Dinner,boiled okra,4,piece,33,2.0,0.7,60,0.0,0,99g
2026-09-09,18:50,Dinner,bitter melon with egg,77,g,60,4.5,0.6,30,0.8,0,mostly bitter melon; very little egg
2026-09-09,18:50,Dinner,stir-fried cucumber chicken fillet mushroom,127,g,145,22.0,0.8,15,1.1,0,chicken fillet main; little mushroom
2026-09-09,18:50,Dinner,boiled choi sum,108.6,g,25,2.5,0.8,80,0.05,0,
2026-09-09,18:50,Dinner,cashew lean pork corn carrot soup,2,bowl,90,6.0,0.5,30,0.8,0,soup mainly; cashew + lean pork for flavour
2026-09-09,20:45,Snack,watermelon,200,g,60,1.2,0.3,14,0.0,0,
2026-09-09,21:10,Snack,imuraya tofu dessert,200,g,126,5.6,0.4,20,0.4,0,per 100g: 63kcal, protein 2.8g, sat fat 0.2g
2026-09-09,21:30,Hydration,h2o,200,ml,0,0,0,0,0,0,

2026-09-10,08:15,Breakfast,corn from soup,243.5,g,120,3.5,0.5,8,0.2,0,edible portion
2026-09-10,08:41,Breakfast,avocado,50.8,g,81,1.0,0.3,6,1.05,0,half portion eaten
2026-09-10,09:00,Breakfast,americano,240,ml,5,0,0,0,0,50,2 beans; filtered
2026-09-10,09:10,Breakfast,edamame,28,g,34,3.3,0.6,18,0.2,0,4 muji coffee spoon
2026-09-10,09:16,Breakfast,envy apple,285,g,140,1.1,0.3,13,0.1,0,whole weight
2026-09-10,11:45,Snack,quaker instant oatmeal,27.7,g,102,4.2,1.2,15,0.47,0,dry weight; label per 100g 367kcal; protein 15.2g; total fat 8.6g; saturated fat 1.7g; cholesterol 0g; total carbo 62.0g; dietary fiber 10g; soluble fiber 4.3g; beta-glucan 4g; insoluble fiber 5.7g; sugar 1.3g sodium 3.7g; iron 4.5mg; magnesium 104mg; phosphorus 337mg; zinc 2.6mg
2026-09-10,11:45,Snack,edamame,15,g,18,1.8,0.3,10,0.1,0,42.7-27.7g
2026-09-10,12:20,Beverage,top soya soymilk no sugar,500,ml,150,10.0,0.8,130,1.0,0,label per 100ml: 26.3kcal; 2.7g protein; 1.5g total fat; 0.2g sat fat; 0.5g sugar; dietary fiber 1.2g; sodium 3.5mg
2026-09-10,12:20,Snack,banana,100,g,89,1.1,0.3,5,0.1,0,small banana
2026-09-10,13:30,Hydration,h2o,600,ml,0,0,0,0,0,0,
2026-09-10,14:30,Lunch,boiled okra,4,piece,25,1.8,0.6,50,0.0,0,
2026-09-10,14:40,Lunch,stir-fried cucumber chicken fillet,111,g,145,25.0,0.8,12,1.2,0,from yesterday leftover
2026-09-10,14:40,Lunch,vitasoy calci plus plant sterol soya milk,250,ml,115,5.0,0.5,300,1.25,0,2.0g plant sterol
2026-09-10,15:00,Lunch,steamed japanese sweet potato,200,g,174,2.6,0.6,30,0.0,0,steamed then refrigerated
2026-09-10,16:00,Hydration,h2o,450,ml,0,0,0,0,0,0,
2026-09-10,19:30,Dinner,boiled okra,6,piece,34,2.0,0.7,60,0.0,0,102g
2026-09-10,19:30,Dinner,lotus root meat patty,49.3,g,85,6.5,0.6,15,1.4,0,
2026-09-10,19:30,Dinner,salmon steamed egg,113.4,g,155,13.0,1.0,45,2.6,0,salmon mince:egg \~60:40
2026-09-10,19:30,Dinner,stir-fried onion chicken fillet,109,g,140,24.0,0.7,12,1.1,0,
2026-09-10,19:30,Dinner,boiled choi sum,81.3,g,20,2.0,0.6,60,0.05,0,2/3 bowl
2026-09-10,19:30,Dinner,cashew lean pork corn carrot soup with carrot,0.5,bowl,40,2.5,0.3,20,0.4,0,yesterday soup + 2 carrot pieces
2026-09-10,19:30,Dinner,tomato potato carrot tofu fish soup,1,bowl,70,6.0,0.5,30,0.5,0,bigeye + grouper; + 2 small tofu cubes
2026-09-10,20:45,Hydration,h2o,450,ml,0,0,0,0,0,0,
2026-09-10,21:00,Snack,konjac glucomannan jelly,2,piece,8,0.1,0.05,5,0,0,
2026-09-10,22:10,Snack,four seas seaweed,1,pack,20,1.5,1.5,20,0.05,0,3-4 sheets
2026-09-10,22:45,Hydration,h2o,450,ml,0,0,0,0,0,0,

2026-09-11,07:50,Breakfast,edamame,28,g,34,3.3,0.6,18,0.2,0,4 muji coffee spoon
2026-09-11,08:00,Breakfast,envy apple,285,g,140,1.1,0.3,13,0.1,0,whole weight
2026-09-11,08:10,Breakfast,americano,240,ml,5,0,0,0,0,50,2 beans; filtered
2026-09-11,09:30,Snack,edamame,28,g,34,3.3,0.6,18,0.2,0,4 muji coffee spoon
2026-09-11,09:30,Breakfast,maxims home bread quinoa & germ,90,g,239,9.1,0.9,30,0.71,0,2 slices; label per 100g; 265kcal; protein 10.1g; total fat 4.9g; saturated fat 0.79g; trans fat 0g; carbo 45.g; sugar 10.7g; sodium 470mg; 180g whole bag
2026-09-11,22:45,Hydration,h2o,560,ml,0,0,0,0,0,0,
2026-09-11,11:55,Snack,banana,184,g,164,1.8,0.5,8,0.15,0,first banana; whole weight
2026-09-11,12:20,Hydration,h2o,480,ml,0,0,0,0,0,0,
2026-09-11,13:30,Hydration,h2o,1200,ml,0,0,0,0,0,0,
2026-09-11,14:20,Beverage,top soya soymilk no sugar,500,ml,150,10.0,0.8,130,1.0,0,label per 100ml: 26.3kcal; 2.7g protein; 1.5g total fat; 0.2g sat fat; 0.5g sugar; dietary fiber 1.2g; sodium 3.5mg
2026-09-11,14:30,Lunch,stir-fried onion chicken fillet,114,g,147,25.0,0.8,12,1.15,0,
2026-09-11,14:45,Lunch,edamame,35,g,42,4.1,0.7,22,0.25,0,5 muji coffee spoon estimated
2026-09-11,14:55,Lunch,instant chicken breast,88.7,g,95,15.9,0.7,8,0.62,0,removed skin/oil; label per 100g: 107.3kcal; protein 17.9g; total fat 2.4g; sat fat 0.7g; carbo 3.3g; sugar 0g; sodium 406mg
2026-09-11,15:45,Hydration,h2o,240,ml,0,0,0,0,0,0,
2026-09-11,16:00,Snack,steamed japanese sweet potato,100,g,87,1.3,0.3,15,0.0,0,steamed then refrigerated
2026-09-11,16:45,Lunch,banana,112,g,100,1.1,0.3,5,0.1,0,second banana; whole weight
2026-09-11,17:20,Hydration,h2o,450,ml,0,0,0,0,0,0,
2026-09-11,18:30,Dinner,chayote tofu croaker soup,2,bowl,110,10.0,0.6,30,0.8,0,2 bowls liquid
2026-09-11,18:30,Dinner,boiled okra,5,piece,28,1.7,0.5,40,0.0,0,83.1g
2026-09-11,18:30,Dinner,steamed salmon no skin,46.6,g,85,10.0,0.6,20,1.1,0,skin removed
2026-09-11,18:30,Dinner,stir-fried zucchini chicken fillet,89.5,g,115,18.0,0.6,12,0.9,0,
2026-09-11,18:30,Dinner,white rice,1,bowl,240,4.5,0.3,5,0.1,0,
2026-09-11,18:30,Dinner,boiled choi sum,76.5,g,18,1.8,0.5,55,0.05,0,half bowl
2026-09-11,18:30,Dinner,pumpkin meat patty,1,bite,35,2.5,0.3,8,0.7,0,HK$1 size, 1cm thick
2026-09-11,18:30,Dinner,chayote from soup,101,g,20,1.0,0.3,15,0.0,0,soup solids
2026-09-11,18:30,Dinner,japanese tofu from soup,17,g,12,1.3,0.2,10,0.15,0,soup solids
2026-09-11,20:30,Snack,konjac glucomannan jelly,2,piece,8,0.1,0.05,5,0,0,
2026-09-11,21:20,Beverage,vitasoy calci plus plant sterol soya milk,250,ml,115,5.0,0.5,300,1.25,0,2.0g plant sterol
2026-09-11,22:13,Hydration,h2o,350,ml,0,0,0,0,0,0,

2026-09-12,07:25,Breakfast,edamame,85.5,g,105,10.0,1.5,45,0.6,0,10 coffee spoon; shelled
2026-09-12,07:45,Breakfast,instant coffee,350,ml,5,0,0,0,0,50,ucc 114 1.5 spoon
2026-09-12,09:00,Breakfast,envy apple,285,g,140,1.1,0.3,13,0.1,0,whole weight; edible 240g
2026-09-12,10:30,Breakfast,quaker instant oatmeal,30,g,110,4.6,1.3,18,0.51,0,dry weight
2026-09-12,10:45,Beverage,top soya soymilk no sugar,480,ml,126,13.0,0.8,125,1.0,0,label per 100ml: 26.3kcal; 2.7g protein; 1.5g total fat; 0.2g sat fat; 0.5g sugar; dietary fiber 1.2g; sodium 3.5mg
2026-09-12,13:00,Lunch,boiled okra,6,piece,31,1.9,0.6,50,0.0,0,93g
2026-09-12,13:00,Lunch,steamed japanese sweet potato,146,g,127,1.9,0.5,20,0.0,0,
2026-09-12,13:00,Lunch,stir-fried zucchini chicken fillet,73.5,g,95,15.0,0.5,10,0.75,0,leftover
2026-09-12,14:00,Lunch,boiled spinach with tiny lean pork,106.5,g,25,3.0,0.8,60,0.1,0,from kids noodle soup; rinsed; very little pork
2026-09-12,14:00,Beverage,instant coffee,350,ml,5,0,0,0,0,50,ucc 114 1.5 spoon
2026-09-12,14:20,Hydration,h2o,350,ml,0,0,0,0,0,0,
2026-09-12,15:00,Dinner,chayote from soup,49.5,g,10,0.5,0.15,7.5,0.0,0,soup solids
2026-09-12,16:30,Snack,shanghai noodles with tiny lean minced pork,0.6,bowl,160,7.5,0.5,15,0.5,0,3/5 bowl; very little lean pork; no oil
2026-09-12,17:00,Snack,watermelon,200,g,60,1.0,0.3,12,0.0,0,approx 12cm diameter x 2cm thick
2026-09-12,17:30,Hydration,h2o,700,ml,0,0,0,0,0,0,
2026-09-12,19:00,Dinner,lobster glass noodle pot,1.25,bowl,335,20.0,1.5,40,3.3,0,1-1.5 bowl; oil visible on noodles
2026-09-12,19:00,Dinner,bitter melon scallop scrambled egg,0.67,bowl,200,15.0,1.0,20,2.5,0,2/3 bowl; little oil; juiciness mainly from egg
2026-09-12,19:00,Dinner,steamed grouper,2,large piece,200,32.0,0.8,20,1.2,0,two large pieces; skin not emphasized
2026-09-12,19:00,Dinner,shrimp balls rinsed,4,piece,45,11.0,0.2,10,0.2,0,sauce washed off; no yi mein
2026-09-12,19:00,Dinner,dried vegetable pork bone soup,1,bowl,40,4.0,0.3,15,0.4,0,soup only; little oil; saw bones + chicken foot
2026-09-12,21:30,Beverage,vitasoy calci plus plant sterol soya milk,250,ml,115,5.0,0.5,300,1.25,0,2.0g plant sterol

