Date,Time,Activity_Type,Avg_HR,Max_HR,Total_Calories,Metabolic_Calories,Estimated_Sweat_Loss_ml,Duration,Distance_m,Training_Effect,Anaerobic_TE,Training_Load,Avg_Temp_C,Max_Temp_C,Avg_Respiration,Avg_Power,Normalized_Power,Total_Ascent_m,Notes
2025-01-02,09:11,Run,145,163,1657,204,1773,3:11:27,30007,5.0,0.1,299.1,21,23,33.9,179,184,365,
2025-01-03,08:20,Run,138,151,549,67,558,58:56,10086,3.3,0.0,115.8,18,21,36.3,180,183,83,
2025-01-04,06:06,Run,146,176,507,57,439,50:06,9352,3.7,0.0,155.2,15,20,31.3,190,192,34,
2025-01-06,08:27,Run,151,161,359,38,364,33:43,7006,3.7,0.2,149.5,17,24,29.2,206,209,24,
2025-01-07,05:50,Run,135,152,509,61,510,53:16,10002,3.5,0.0,133.8,16,20,34.1,199,203,75,
2025-01-08,13:48,Run,160,171,1167,121,1160,1:46:22,21155,5.0,0.6,412.9,21,24,36.6,199,204,238,
2025-01-09,16:23,Run,153,168,313,33,327,28:42,6054,3.6,0.0,145.4,19,20,36.1,218,220,24,
2025-01-10,09:17,Run,158,168,540,56,489,48:45,10017,4.4,0.0,232.7,15,19,33.9,212,217,91,
2025-01-13,10:30,Run,149,185,557,63,580,55:29,10394,3.7,0.8,168.2,19,22,26.3,198,201,72,
2025-01-13,16:34,Basketball,89,121,105,33,189,28:51,2542,0.6,0.0,8.3,20,21,,,,,
2025-01-14,08:17,Run,150,177,1664,186,1658,3:14:02,31005,5.0,0.9,379.2,18,19,34.7,194,199,308,
2025-01-15,07:53,Run,135,145,364,45,364,39:47,6597,3.0,0.0,81.5,18,20,37.6,174,177,21,
2025-01-16,08:23,Run,154,169,475,51,416,45:11,9024,4.0,0.7,201.3,15,18,35.0,202,209,30,
2025-01-17,06:02,Run,131,161,320,39,291,34:35,6011,2.8,0.0,76.1,13,23,43.1,183,186,33,
2025-01-19,21:58,Breathwork,56,65,,,11,02:45,,0.0,0.0,0.0,19,19,4.4,,,,
2025-01-20,08:26,Run,146,163,1873,223,1917,3:33:19,34219,5.0,0.0,348.6,19,23,34.4,184,190,455,
2025-01-21,15:07,Run,137,148,227,27,237,23:33,4162,2.7,0.0,68.3,19,20,34.7,192,195,21,
2025-01-22,17:06,Run,149,160,384,42,392,36:57,7109,3.4,0.0,136.4,17,21,29.1,202,204,24,
2025-01-24,16:48,Run,158,176,656,70,669,1:01:11,12132,4.8,0.2,279.8,19,22,36.1,208,214,34,
2025-01-27,21:14,Run,166,175,968,94,837,1:23:06,18011,5.0,2.2,515.8,13,20,40.2,223,226,121,
2025-01-29,22:36,Breathwork,51,65,,,14,02:37,,0.0,0.0,0.0,,,4.0,,,,
2025-02-09,06:02,Race,149,164,2143,236,1909,3:27:52,42519,5.0,0.5,547.6,13,20,,199,204,280,
2025-02-11,08:49,Basketball,101,199,257,66,496,5:36:14,2776,1.0,1.0,27.7,,,,,,,
2025-02-14,11:31,Pool Swim,166,175,282,27,,26:55,1000,4.0,1.4,185.7,30,31,,,,,
2025-02-18,16:39,Run,146,167,242,27,308,24:05,4356,3.1,0.1,86.2,21,25,38.6,234,238,16,
2025-02-19,10:43,Pool Swim,122,140,186,27,,29:36,1000,2.2,0.0,33.3,,,,,,,from fixed/edited file
2025-02-20,14:17,Road Bike,148,171,442,55,554,55:11,15749,3.8,2.5,195.2,,,32.2,,,83,
2025-02-21,16:17,Run,144,169,276,31,367,27:24,5277,3.4,0.0,109.5,20,25,33.2,247,250,18,
2025-02-22,11:18,Run,152,173,321,35,355,30:43,6048,3.9,0.4,151.5,17,21,35.3,220,223,31,
2025-02-24,15:17,Run,153,170,349,38,448,33:16,6476,3.9,0.0,156.3,20,25,36.0,251,254,41,
2025-02-25,15:10,Road Bike,144,177,394,50,489,43:59,17825,4.5,2.8,270.6,,,39.8,,,74,
2025-02-26,16:16,Run,146,176,247,28,338,24:26,5035,3.4,1.4,131.4,20,24,34.9,260,267,17,
2025-02-27,09:56,Run,123,145,55,7,68,06:15,1104,2.0,0.0,24.6,20,20,,211,222,1,
2025-03-11,10:45,Road Bike,85,128,51,17,104,19:58,3882,0.6,0.0,7.8,,,,,,17,
2025-03-13,15:15,Run,158,171,417,45,602,40:02,7407,4.1,0.2,169.0,27,29,34.0,203,205,38,
2025-03-14,12:02,Run,154,183,332,37,388,32:52,6266,3.7,0.3,137.1,21,27,33.1,212,215,26,
2025-03-17,14:24,Basketball,98,128,168,47,335,41:28,2864,0.8,0.0,9.3,,,,,,,
2025-03-20,17:26,Run,129,145,126,16,206,15:04,2716,2.6,0.0,48.0,22,24,,258,261,19,
2025-03-24,08:32,Run,155,189,516,58,605,51:05,9576,4.9,0.1,215.7,22,24,34.9,202,204,54,
2025-03-25,09:26,Road Bike,160,176,506,56,667,50:46,20319,5.0,3.1,350.8,24,27,32.9,,,84,
2025-03-26,10:57,Pool Swim,155,176,292,32,,31:15,1150,4.3,2.9,225.0,31,31,,,,,
2025-03-26,16:26,Run,144,154,321,39,422,34:26,6096,3.5,0.2,106.0,26,27,28.4,199,202,35,
2025-03-27,15:55,Run,149,170,486,58,737,50:59,9164,4.2,0.0,153.5,27,28,31.2,199,204,53,
2025-03-28,11:08,Bike Indoor,154,166,152,17,193,15:43,6487,3.1,0.1,78.8,25,26,31.8,,,,
2025-03-28,11:41,Run,140,152,206,25,255,22:23,3883,3.1,0.0,73.2,25,28,31.7,192,192,21,
2025-03-29,11:02,Run,147,164,328,39,365,34:15,6356,3.8,0.0,130.7,17,21,30.2,203,207,40,
2025-03-30,02:56,Yoga,60,91,68,67,305,1:01:39,,0.0,0.0,0.8,24,25,14.7,,,,
2025-03-31,13:14,Strength,97,135,278,99,685,1:28:02,0,0.7,0.0,8.0,21,23,19.3,,,,
2025-04-01,11:05,Pool Swim,144,160,373,45,,41:08,1500,3.8,1.0,153.2,27,28,,,,,
2025-04-03,11:30,Run,143,160,523,67,710,1:01:05,9594,3.7,0.0,134.0,27,30,31.4,175,178,61,
2025-04-03,14:50,Strength,95,139,274,100,697,1:28:12,0,0.4,0.0,5.1,23,26,18.9,,,,
2025-04-04,23:48,Run,132,144,374,49,419,43:16,7213,3.2,0.0,91.7,20,24,39.2,184,187,37,
2025-04-07,00:07,Run,133,148,508,66,585,58:12,10224,3.5,0.0,121.7,19,24,36.7,191,194,73,
2025-04-07,08:28,Strength,95,128,250,75,529,1:06:43,0,0.6,0.0,9.1,,,,,,,
2025-04-08,09:14,Road Bike,152,168,580,70,785,1:02:47,25251,4.6,0.4,232.9,24,26,33.1,,,91,
2025-04-08,16:56,Run,147,155,265,30,369,26:23,4958,3.4,0.0,115.7,25,26,32.1,233,236,13,
2025-04-09,08:59,Strength,103,131,278,80,609,1:10:54,0,1.0,0.0,13.7,24,26,22.1,,,,
2025-04-10,10:39,Run,144,156,374,45,537,40:15,7011,3.4,0.0,115.2,27,29,31.5,185,187,35,
2025-04-11,16:28,Run,139,151,277,33,439,29:13,5010,3.1,0.0,91.7,27,27,33.9,220,223,14,
2025-04-12,11:02,Run,139,156,390,48,615,46:06,7262,3.3,0.0,108.6,28,29,33.4,180,183,33,
2025-04-14,12:57,Strength,116,145,344,69,596,1:01:25,0,2.1,0.1,36.0,24,25,25.8,,,,
2025-04-15,07:26,Run,150,167,312,36,346,31:44,5776,3.5,0.0,128.9,21,23,32.6,195,204,43,
2025-04-16,06:59,Strength,100,132,217,61,421,53:45,0,1.0,0.1,14.7,21,22,22.4,,,,
2025-04-16,13:42,Run,156,167,229,26,376,22:48,3703,3.2,0.2,105.2,29,31,33.4,212,217,27,
2025-04-17,06:58,Run,158,170,302,34,343,30:00,5550,3.5,1.0,146.0,24,24,31.5,191,194,3,
2025-04-17,13:22,Pool Swim,154,162,265,28,,26:03,1000,3.5,0.2,136.9,27,28,,,,,
2025-04-22,13:26,Track Run,164,174,290,30,447,26:53,5210,3.7,0.0,149.0,32,34,36.3,217,219,1,
2025-04-23,06:54,Track Run,157,171,315,34,495,30:27,6000,3.7,1.1,174.8,27,28,37.0,208,212,0,
2025-04-23,13:19,Track Run,148,157,285,34,461,30:06,5220,3.2,0.0,101.4,31,33,28.2,190,192,0,
2025-04-24,13:25,Pool Swim,157,167,255,27,,24:37,1000,3.6,1.9,162.2,,,,,,,
2025-04-25,13:06,Strength,113,139,246,53,564,47:21,0,1.7,0.0,22.7,,,25.0,,,,
2025-04-28,06:55,Pool Swim,151,157,248,27,,24:56,1000,3.4,1.2,135.1,,,,,,,
2025-04-28,13:06,Strength,119,144,280,52,463,46:24,0,2.0,0.3,32.1,,,24.9,,,,
2025-04-29,06:52,Track Run,160,179,243,26,370,22:51,4810,3.6,0.1,142.3,26,27,35.1,268,273,0,
2025-04-29,13:09,Track Run,157,172,279,31,449,27:05,5230,3.6,0.4,141.4,31,32,31.9,246,254,0,
2025-04-30,07:14,Track Run,137,148,266,33,317,29:09,5010,3.0,0.0,84.2,24,26,35.2,182,183,0,
2025-04-30,13:11,Strength,98,130,173,46,357,41:09,0,2.1,2.2,72.0,,,,,,,
2025-05-02,06:53,Track Run,144,180,500,58,850,53:27,9180,4.1,2.0,211.4,28,29,33.9,225,230,0,
2025-05-03,11:06,Run,152,164,395,45,608,39:55,7007,3.6,0.0,136.7,28,31,34.2,191,193,33,
2025-05-06,06:52,Track Run,142,158,398,48,629,42:20,7500,3.5,0.0,131.8,28,29,32.5,186,187,0,
2025-05-07,07:14,Pool Swim,150,166,255,29,,27:40,1050,3.4,0.7,132.7,,,,,,,
2025-05-07,13:09,Strength,117,147,282,53,455,47:02,0,2.1,0.9,41.8,25,26,,,,,
2025-05-08,06:52,Track Run,158,172,315,34,384,30:28,6020,3.8,2.0,186.2,26,27,36.0,210,218,0,
2025-05-08,13:11,Cardio,125,143,258,42,384,36:58,0,2.3,0.0,46.1,23,26,29.1,,,,
2025-05-09,06:52,Track Run,144,154,286,34,451,30:05,5410,3.2,0.0,102.2,28,29,30.9,188,188,0,
2025-05-09,13:09,Strength,105,136,231,57,517,50:27,0,1.1,0.3,20.4,,,,,,,
2025-05-12,06:51,Track Run,140,149,288,34,350,30:04,5410,3.2,0.0,97.6,25,26,33.6,194,195,0,
2025-05-12,13:12,Pool Swim,154,162,256,27,,24:31,1000,3.4,0.0,127.6,28,30,,,,,
2025-05-13,06:51,Track Run,137,148,271,33,382,28:43,5010,3.0,0.0,85.3,25,26,34.9,222,224,0,
2025-05-13,13:10,Strength,108,135,221,52,407,45:28,0,1.2,0.0,16.8,24,28,24.1,,,,
2025-05-14,07:04,Track Run,160,173,483,51,735,44:46,9150,4.4,1.4,245.4,27,28,35.0,224,229,0,
2025-05-15,07:02,Strength,110,138,246,54,433,47:37,0,1.5,0.9,33.6,24,26,25.8,,,,
2025-05-15,13:23,Pool Swim,154,165,249,26,,24:06,1000,3.4,0.1,131.8,31,33,,,,,
2025-05-16,06:51,Track Run,147,159,270,31,429,27:17,5000,3.2,0.0,103.3,28,29,28.6,197,198,0,
2025-05-16,13:07,Cardio,111,140,234,47,383,41:23,0,1.5,0.0,21.1,23,27,25.8,,,,
2025-05-19,15:00,Basketball,98,147,219,55,507,48:08,734,1.7,0.4,29.7,,,,,,,
2025-05-20,13:12,Cardio,128,152,310,49,592,42:43,0,2.6,0.0,61.4,,,30.1,,,,
2025-05-22,07:00,Track Run,141,153,280,33,436,28:58,5010,3.1,0.0,88.8,30,31,33.7,188,189,0,
2025-05-22,13:11,Track Run,156,182,462,47,659,41:29,6850,3.8,3.0,255.1,36,37,35.5,188,213,0,
2025-05-22,18:54,Run,136,155,180,23,245,20:41,2956,2.4,0.3,55.9,30,30,,149,159,12,
2025-05-23,07:04,Strength,117,139,274,52,587,46:22,0,1.9,1.3,43.7,,,25.4,,,,
2025-05-23,13:27,Pool Swim,161,170,259,26,,23:45,1000,3.7,0.2,159.8,33,34,,,,,
2025-05-25,23:33,Cardio,141,171,178,22,300,19:33,0,2.6,2.5,120.4,27,27,,,,,
2025-05-26,06:58,Track Run,157,175,275,29,355,25:18,5200,3.5,1.5,154.7,24,27,34.3,234,242,0,
2025-05-26,13:21,Pool Swim,148,157,237,26,,23:24,1000,3.2,0.0,102.3,28,29,,,,,
2025-05-27,06:51,Track Run,134,145,266,32,336,28:09,5020,3.0,0.0,81.5,26,27,40.6,195,197,0,
2025-05-27,13:12,Strength,116,142,253,50,418,43:46,0,2.0,0.0,29.0,24,27,26.2,,,,
2025-05-28,21:39,Cardio,123,158,134,23,206,34:07,0,2.1,0.6,42.7,,,23.0,,,,
2025-05-29,07:06,Track Run,125,135,201,27,320,23:42,3760,2.3,0.0,44.0,28,28,36.7,169,170,0,
2025-05-29,13:08,Cardio,113,139,254,53,462,46:42,0,2.0,0.0,26.9,,,27.7,,,,
2025-05-30,07:05,Track Run,148,163,536,60,683,52:19,10030,3.9,0.0,172.5,25,27,28.6,218,221,0,
2025-06-02,06:58,Track Run,145,174,272,32,19,28:47,5100,3.1,1.7,121.8,29,30,34.4,9,23,0,
2025-06-02,13:15,Pool Swim,151,171,297,32,,28:30,950,3.5,3.2,242.6,30,32,,,,,
2025-06-03,06:49,Track Run,138,152,276,32,12,28:05,5080,3.0,0.0,88.8,30,30,37.1,6,19,0,
2025-06-03,13:14,Strength,111,148,258,55,442,47:54,0,1.6,0.4,29.0,24,28,24.5,,,,
2025-06-04,07:01,Track Run,162,176,348,35,499,30:57,6400,3.9,0.0,178.8,27,29,35.5,230,236,0,
2025-06-04,13:12,Cardio,124,144,314,48,430,42:10,0,2.3,0.0,46.3,24,26,31.6,,,,
2025-06-05,07:00,Track Run,140,150,273,32,335,28:25,5000,3.0,0.0,87.9,26,27,35.4,191,193,0,
2025-06-05,13:08,Track Run,147,157,435,50,696,45:39,8020,3.5,0.0,135.8,30,31,28.8,199,201,0,
2025-06-06,06:57,Pool Swim,147,154,216,24,,22:17,900,3.1,0.0,92.0,28,28,,,,,from fixed/edited file
2025-06-06,13:07,Strength,109,136,274,63,499,55:06,0,1.4,0.0,19.6,25,28,24.7,,,,
2025-06-08,06:34,Yoga,54,78,64,64,395,1:06:21,,0.0,0.0,0.1,28,28,13.7,,,,
2025-06-09,06:51,Track Run,152,173,318,35,495,30:30,6000,3.4,0.4,133.3,29,30,29.0,211,215,2,
2025-06-09,13:22,Pool Swim,159,171,288,29,,27:16,1000,3.6,2.1,186.6,,,,,,,
2025-06-10,06:51,Track Run,140,153,392,46,619,40:24,7090,3.2,0.0,108.3,31,33,34.4,191,192,0,
2025-06-10,13:10,Strength,113,145,251,53,483,46:22,0,1.7,0.1,24.9,27,31,24.9,,,,
2025-06-11,06:50,Track Run,148,154,389,43,626,37:56,7090,3.4,0.0,129.1,30,31,29.7,209,211,0,
2025-06-11,13:22,Track Run,152,163,369,41,601,37:03,7090,3.4,0.0,126.7,29,33,24.3,220,226,68,
2025-06-12,07:06,Track Run,142,148,273,32,433,28:29,5050,3.0,0.0,84.0,28,29,33.4,190,193,0,
2025-06-12,13:12,Strength,111,143,266,56,460,49:24,0,1.5,0.1,24.0,25,29,25.0,,,,
2025-06-13,13:11,Track Run,151,175,545,62,897,55:00,10020,3.9,1.9,202.1,32,33,28.4,197,201,7,
2025-06-15,06:11,Strength,75,102,128,65,354,57:04,0,0.1,0.0,2.2,24,25,,,,,
2025-06-15,07:09,Cardio,131,161,132,18,168,15:38,0,2.2,1.4,58.0,22,23,,,,,
2025-06-16,07:00,Track Run,149,161,254,28,411,26:54,5010,3.1,0.0,103.9,29,30,28.3,220,222,0,
2025-06-16,13:22,Pool Swim,150,158,252,27,,24:03,1000,3.2,0.0,107.5,31,31,,,,,
2025-06-17,06:57,Cardio,128,142,378,55,503,47:37,0,2.6,0.0,62.4,25,26,33.9,,,,
2025-06-17,13:25,Track Run,138,148,279,33,448,28:24,5050,2.9,0.0,79.3,31,32,37.2,198,199,0,
2025-06-17,13:55,Track Run,143,149,57,6,91,05:32,1020,1.6,0.0,22.4,32,32,35.7,235,239,0,
2025-06-18,06:56,Track Run,147,161,310,35,486,30:09,6040,3.2,0.7,120.8,29,30,,220,233,0,
2025-06-18,13:13,Strength,114,143,276,55,463,48:19,0,1.8,0.2,29.0,25,29,25.8,,,,
2025-06-19,06:54,Run,132,156,592,78,895,1:08:13,10037,3.1,0.1,101.4,29,29,37.7,164,172,35,
2025-06-19,13:22,Pool Swim,148,160,272,29,,25:49,1000,3.2,0.2,117.5,,,,,,,from fixed/edited file
2025-06-20,06:53,Track Run,145,167,282,33,431,28:55,5050,3.0,2.4,140.4,29,30,39.0,187,206,0,
2025-06-20,13:16,Strength,108,135,241,53,419,46:48,0,1.3,0.0,19.1,25,27,24.7,,,,
2025-06-23,07:05,Track Run,134,155,221,27,355,23:20,4180,2.7,0.0,70.1,30,30,38.8,190,192,0,
2025-06-23,07:33,Track Run,147,154,91,10,142,08:54,1670,2.1,0.0,38.2,30,31,35.3,202,203,0,
2025-06-23,13:10,Strength,110,138,257,58,477,50:28,0,1.3,0.0,18.9,26,29,24.0,,,,
2025-06-24,07:04,Track Run,134,143,272,32,433,28:21,5040,2.9,0.0,75.3,30,30,38.4,191,192,0,
2025-06-24,13:22,Pool Swim,148,164,216,23,,21:33,900,3.1,0.0,94.5,32,32,,,,,from fixed/edited file
2025-06-25,06:52,Run,133,147,588,75,879,1:06:25,10018,3.1,0.0,101.8,30,31,36.8,168,171,21,
2025-06-25,13:15,Cardio,125,138,311,47,441,41:03,0,2.2,0.0,42.8,25,30,30.8,,,,
2025-06-26,06:56,Track Run,144,166,302,33,379,31:35,5230,3.1,1.0,111.4,27,30,32.1,195,246,0,
2025-06-26,13:26,Pool Swim,149,168,318,34,,30:44,1000,3.4,2.8,202.1,,,,,,,
2025-06-27,07:02,Track Run,136,144,277,33,436,28:32,5200,2.9,0.0,78.1,28,30,39.2,191,192,0,
2025-06-27,13:15,Strength,104,143,228,56,423,49:00,0,1.0,0.0,15.0,25,27,23.1,,,,
2025-06-30,06:55,Track Run,153,166,218,24,344,20:44,4260,3.0,0.0,92.8,28,30,26.7,218,221,0,
2025-06-30,07:21,Track Run,156,166,109,11,168,10:06,2060,2.4,0.0,53.4,29,30,29.5,212,215,0,
2025-06-30,13:30,Pool Swim,156,170,255,25,,23:16,1000,3.4,1.8,158.8,,,,,,,
2025-07-01,05:49,Run,148,159,553,62,878,54:23,10075,3.6,0.0,151.8,28,29,29.2,204,206,62,
2025-07-02,13:07,Strength,102,132,203,52,475,45:51,0,0.9,0.0,13.1,,,23.0,,,,
2025-07-03,06:53,Track Run,158,177,515,53,741,46:34,8860,4.3,2.5,279.1,29,30,35.2,208,227,0,
2025-07-03,13:20,Pool Swim,146,157,252,27,,24:37,1000,3.1,0.0,104.2,31,32,,,,,
2025-07-04,07:02,Track Run,158,175,432,45,637,39:03,7910,4.0,0.0,188.1,30,31,33.4,219,225,0,
2025-07-04,13:14,Strength,115,148,275,55,472,48:35,0,1.9,0.0,28.1,24,30,24.5,,,,
2025-07-07,06:52,Track Run,133,148,228,27,362,23:54,4190,2.6,0.0,65.8,31,31,38.6,190,190,0,
2025-07-07,07:21,Track Run,148,156,168,19,264,16:19,3030,2.6,0.0,63.1,31,31,31.6,203,204,0,
2025-07-07,13:22,Pool Swim,147,158,276,30,,26:22,1000,3.3,0.1,116.2,32,33,,,,,
2025-07-08,07:10,Track Run,144,156,385,43,632,38:00,7140,3.4,0.0,122.9,31,31,29.9,208,210,0,
2025-07-08,13:07,Strength,104,139,205,48,377,42:05,0,0.9,0.0,13.6,26,30,23.3,,,,
2025-07-09,07:03,Track Run,136,150,273,32,439,27:56,5090,3.0,0.0,80.7,31,32,36.7,197,197,0,
2025-07-09,13:21,Track Run,130,149,277,34,500,45:04,5240,2.6,0.0,60.8,35,37,32.4,198,199,0,
2025-07-10,07:01,Track Run,129,137,272,33,429,29:14,5000,2.7,0.0,65.5,28,30,42.5,184,185,0,
2025-07-10,13:22,Strength,108,146,236,53,414,46:14,0,1.4,0.1,20.6,24,26,24.0,,,,
2025-07-11,07:01,Track Run,142,151,436,49,689,43:13,8240,3.4,0.0,125.3,28,29,33.7,199,200,0,
2025-07-11,13:24,Pool Swim,150,168,277,30,,26:59,1000,3.4,2.1,157.7,31,31,,,,,from fixed/edited file
2025-07-14,06:59,Track Run,149,164,277,30,423,25:55,5230,3.3,0.0,113.0,30,31,33.6,218,223,0,
2025-07-14,13:15,Strength,105,150,232,55,464,47:33,0,1.2,0.1,19.2,26,32,23.9,,,,
2025-07-15,06:52,Track Run,131,139,277,34,436,29:38,5100,2.7,0.0,67.2,30,31,40.0,184,186,0,
2025-07-15,13:24,Pool Swim,147,160,266,30,,26:08,1000,3.3,0.0,112.9,32,32,,,,,
2025-07-15,23:26,Run,141,156,561,68,910,59:39,10063,3.2,0.0,109.2,30,30,29.7,191,194,50,
2025-07-16,13:12,Strength,104,134,218,54,430,47:49,0,1.1,0.0,14.6,26,30,24.0,,,,
2025-07-17,06:55,Track Run,138,151,94,11,144,09:50,1690,2.0,0.0,30.0,30,31,33.8,184,186,0,
2025-07-17,07:10,Track Run,144,150,191,22,288,19:24,3430,2.6,0.0,60.6,30,31,35.8,186,189,0,
2025-07-17,13:26,Pool Swim,158,169,258,25,,23:43,1000,3.5,0.1,140.3,33,33,,,,,from fixed/edited file
2025-07-18,07:05,Track Run,142,159,243,27,385,24:01,4820,3.0,0.5,92.6,31,31,,219,233,0,
2025-07-18,13:11,Cardio,118,142,336,60,571,52:27,0,2.3,0.0,43.6,,,30.2,,,,
2025-07-21,07:01,Track Run,149,173,425,45,664,39:52,7910,3.9,0.0,173.2,28,29,32.3,221,225,0,
2025-07-22,07:01,Track Run,142,169,290,32,464,27:57,5420,3.3,0.0,110.8,29,29,39.5,214,217,0,
2025-07-22,13:19,Pool Swim,148,164,324,35,,30:59,1000,3.4,2.8,202.4,30,31,,,,,
2025-07-23,07:03,Track Run,155,174,264,27,397,24:02,5020,3.3,0.9,127.4,28,29,32.8,229,234,0,
2025-07-23,13:15,Strength,101,131,225,59,442,51:44,0,0.8,0.0,12.1,25,29,22.7,,,,
2025-07-24,06:57,Cardio,115,132,382,74,637,1:04:41,0,2.1,0.0,35.8,26,28,28.7,,,,
2025-07-24,13:30,Pool Swim,150,163,246,26,,23:50,1000,3.3,0.1,112.8,30,31,,,,,
2025-07-25,06:51,Track Run,145,158,388,43,617,37:39,7130,3.4,0.0,126.5,30,30,30.3,205,206,0,
2025-07-25,13:19,Strength,104,138,223,54,420,47:05,0,1.1,0.0,14.7,26,29,24.2,,,,
2025-07-28,06:56,Track Run,133,145,274,32,449,27:57,5030,2.9,0.0,77.9,30,31,43.8,201,202,0,
2025-07-28,13:15,Strength,112,141,258,52,565,45:31,0,1.6,0.0,21.9,,,25.1,,,,
2025-07-29,07:03,Track Run,157,173,435,45,601,39:03,8120,4.0,0.0,186.8,28,30,33.2,228,234,0,
2025-07-29,13:32,Pool Swim,148,173,369,40,,35:05,1000,3.6,3.4,273.6,,,,,,,from fixed/edited file
2025-07-30,07:17,Track Run,136,151,226,26,360,22:48,4270,2.8,0.0,73.9,30,31,36.1,197,199,0,
2025-07-30,13:15,Strength,111,150,260,51,463,44:57,0,1.7,2.0,55.6,27,31,,,,,
2025-07-31,07:07,Track Run,134,145,272,33,433,28:34,5130,2.8,0.0,75.2,29,30,40.3,190,191,0,
2025-07-31,13:18,Pool Swim,151,166,258,26,,24:40,1000,3.4,0.0,122.4,31,32,,,,,
2025-08-01,06:56,Track Run,137,148,296,34,478,29:51,5480,3.0,0.0,88.0,29,30,35.6,200,202,0,
2025-08-01,13:13,Cardio,118,144,374,61,540,53:30,0,2.3,0.0,48.8,25,31,31.8,,,,
2025-08-04,07:08,Track Run,144,161,314,34,489,30:21,5900,3.3,0.0,115.4,27,29,36.1,209,211,0,
2025-08-04,13:36,Pool Swim,152,163,254,26,,23:59,1000,3.4,0.1,125.3,30,31,,,,,
2025-08-06,07:05,Track Run,137,155,263,30,439,26:36,5470,3.1,0.0,90.4,29,29,,227,235,0,
2025-08-06,13:17,Strength,113,148,249,50,415,44:16,0,1.6,0.0,22.6,24,25,24.8,,,,
2025-08-07,13:24,Pool Swim,148,158,245,25,,23:48,1000,3.2,0.4,112.7,30,32,,,,,
2025-08-08,04:44,Run,131,139,285,35,461,31:06,5417,2.7,0.0,65.8,28,30,,185,188,22,
2025-08-08,13:20,Strength,108,145,239,54,445,47:28,0,1.4,0.1,21.6,25,30,24.3,,,,
2025-08-11,06:55,Track Run,132,144,279,34,431,29:47,5010,2.8,0.0,71.1,30,31,43.4,182,182,7,
2025-08-11,13:15,Strength,119,171,251,42,372,37:21,0,2.3,2.4,94.2,24,27,,,,,
2025-08-11,23:23,Run,141,152,544,64,872,55:58,10009,3.5,0.0,132.0,29,30,,195,199,54,
2025-08-12,13:23,Pool Swim,154,166,251,26,,23:39,1000,3.4,0.0,128.7,32,32,,,,,
2025-08-13,07:00,Track Run,137,161,342,39,551,33:58,6250,3.2,0.2,108.4,30,31,36.7,203,205,0,
2025-08-13,13:11,Strength,112,150,267,50,429,43:51,0,1.8,1.3,43.5,26,33,,,,,
2025-08-14,07:03,Track Run,153,169,276,29,369,25:01,5200,3.4,1.4,140.7,25,29,34.7,239,254,0,
2025-08-14,13:30,Pool Swim,150,161,246,25,,23:19,1000,3.3,0.0,112.3,31,31,,,,,from fixed/edited file
2025-08-15,07:02,Track Run,144,154,271,30,427,26:03,5030,3.1,0.0,94.2,27,29,29.2,212,214,0,
2025-08-15,13:21,Cardio,125,147,338,50,464,43:37,0,2.4,0.0,50.7,25,28,31.2,,,,
2025-08-18,07:21,Track Run,124,134,266,33,342,31:25,5080,2.5,0.0,57.5,26,28,34.6,189,196,0,
2025-08-18,13:28,Pool Swim,149,161,294,31,,28:15,1000,3.4,2.5,177.5,29,29,,,,,
2025-08-19,07:02,Track Run,138,150,433,49,701,43:11,8010,3.3,0.1,118.1,27,29,34.4,203,207,0,
2025-08-19,13:13,Strength,116,153,304,57,480,49:37,0,2.1,0.7,43.1,24,26,25.9,,,,
2025-08-20,04:45,Run,137,151,707,87,1082,1:16:28,13008,3.4,0.0,123.0,27,28,35.3,186,189,58,
2025-08-20,13:18,Cardio,119,144,289,47,434,41:32,0,2.1,0.0,32.9,,,29.9,,,,
2025-08-21,06:52,Track Run,126,135,275,35,431,30:24,5010,2.5,0.0,55.2,29,31,39.2,177,178,0,
2025-08-21,13:29,Pool Swim,143,161,261,28,,26:12,1000,3.2,0.7,111.5,30,31,,,,,
2025-08-22,07:09,Track Run,152,168,326,35,498,30:31,6010,3.4,0.7,134.2,29,30,30.4,214,224,0,
2025-08-22,13:16,Strength,121,157,297,50,454,43:52,0,2.1,0.2,38.3,24,30,26.4,,,,
2025-08-25,08:20,Strength,87,112,205,72,459,1:03:12,0,0.4,0.0,5.4,23,27,20.9,,,,
2025-08-25,12:06,Run,147,158,874,102,1475,1:29:20,15150,3.8,0.0,168.4,33,36,30.3,196,199,101,
2025-08-26,07:07,Track Run,134,144,277,33,436,28:37,5020,2.8,0.0,73.9,30,30,40.3,191,192,0,
2025-08-26,13:24,Pool Swim,147,159,245,26,,25:53,1000,3.2,0.0,105.5,31,33,,,,,
2025-08-27,17:49,Run,143,156,559,64,894,56:10,10009,3.5,0.0,138.5,30,31,,199,202,46,
2025-08-28,07:08,Track Run,131,139,279,34,443,29:47,5010,2.7,0.0,67.4,29,30,42.1,186,187,0,
2025-08-28,13:15,Strength,110,149,257,56,459,49:09,0,1.6,0.0,22.6,25,28,24.8,,,,
2025-08-29,07:04,Track Run,160,175,376,38,549,33:50,6800,4.0,3.0,269.6,30,31,38.1,225,238,0,
2025-08-29,13:21,Pool Swim,145,155,239,26,,26:58,1000,3.1,0.0,98.5,31,32,,,,,
2025-09-01,07:13,Track Run,141,151,347,40,545,35:20,6290,3.1,0.0,99.0,30,30,32.2,193,194,0,
2025-09-01,13:25,Strength,105,133,179,38,387,33:18,0,1.1,0.6,23.7,,,,,,,
2025-09-02,07:06,Track Run,153,170,260,28,394,24:32,4830,3.2,2.0,138.6,29,31,35.3,217,231,0,
2025-09-02,13:22,Pool Swim,144,156,244,26,,26:00,1000,3.1,0.0,95.8,31,34,,,,,from fixed/edited file
2025-09-03,07:04,Track Run,140,150,388,44,609,38:35,7090,3.3,0.0,116.8,30,30,36.6,197,198,0,
2025-09-03,13:16,Strength,109,143,262,58,617,51:05,0,1.2,0.0,18.5,31,32,23.9,,,,
2025-09-04,04:08,Run,134,145,979,127,1557,1:51:04,18011,3.5,0.0,148.1,28,29,41.1,175,178,94,
2025-09-04,13:27,Pool Swim,142,150,249,28,,28:21,1000,3.0,0.0,93.7,32,33,,,,,
2025-09-05,07:18,Track Run,125,135,162,21,249,18:10,2930,2.2,0.0,40.5,31,31,40.7,172,172,0,
2025-09-05,13:15,Cardio,122,142,295,46,426,40:09,0,2.3,0.0,49.6,25,30,30.2,,,,
2025-09-09,07:17,Track Run,152,166,277,30,442,26:36,5030,3.3,0.0,114.3,29,31,29.6,213,215,0,
2025-09-09,13:14,Strength,132,160,346,49,634,42:52,0,2.8,0.9,82.4,31,32,29.9,,,,
2025-09-10,07:02,Run,156,166,640,69,965,1:00:50,11031,4.4,0.0,233.4,28,28,36.8,198,202,100,
2025-09-11,06:50,Track Run,165,177,569,57,814,50:12,10010,4.7,0.0,266.3,28,29,37.8,216,218,0,
2025-09-11,13:13,Strength,119,146,291,53,471,46:25,0,2.0,0.0,32.4,25,32,26.0,,,,
2025-09-12,07:17,Run,144,156,276,32,431,27:52,5024,3.0,0.0,88.9,30,31,29.6,194,194,0,
2025-09-12,13:25,Pool Swim,157,171,268,27,,24:10,1000,3.5,2.4,196.7,,,,,,,
2025-09-15,13:23,Pool Swim,147,155,253,27,,24:50,1000,3.2,0.0,108.1,31,32,,,,,
2025-09-16,07:00,Track Run,140,153,433,50,713,43:58,8010,3.4,0.0,125.2,30,31,,203,204,0,
2025-09-16,13:16,Strength,110,137,260,54,563,47:15,0,1.4,0.3,24.8,,,,,,,
2025-09-17,04:11,Run,149,159,1126,131,1776,1:54:46,20561,4.5,0.0,240.8,28,31,29.6,202,208,208,
2025-09-18,07:00,Track Run,141,157,464,53,747,45:53,8310,3.5,0.0,139.7,29,31,33.9,204,206,0,
2025-09-18,13:23,Pool Swim,145,155,254,28,,26:03,1000,3.2,0.0,102.9,31,32,,,,,
2025-09-19,07:20,Track Run,155,170,318,34,480,29:14,6040,3.5,2.2,178.6,28,30,33.7,230,242,0,
2025-09-19,13:19,Strength,109,143,238,52,419,45:28,0,1.2,0.0,17.6,26,27,24.6,,,,
2025-09-22,07:06,Track Run,153,168,267,28,406,24:47,5010,3.4,0.0,121.3,28,29,35.5,221,225,0,
2025-09-22,13:29,Pool Swim,161,173,267,26,,23:27,1000,3.7,0.9,176.4,29,30,,,,,from fixed/edited file
2025-09-23,07:04,Track Run,157,168,1210,132,1895,2:04:42,22120,5.0,0.0,353.3,30,32,33.4,214,217,0,
2025-09-25,07:09,Track Run,133,144,273,32,442,28:27,5050,2.8,0.0,77.8,28,29,40.6,194,196,0,
2025-09-25,13:17,Track Run,133,170,402,44,592,38:12,6870,3.4,2.1,161.4,28,29,30.9,200,234,12,
2025-09-26,07:16,Track Run,128,138,271,34,446,29:28,5010,2.6,0.0,65.0,29,30,42.8,190,193,1,
2025-09-26,13:16,Strength,102,129,266,65,645,56:47,0,1.1,0.1,17.5,,,,,,,
2025-09-29,00:15,Run,150,170,935,105,1477,1:33:07,16208,4.5,0.0,236.8,28,29,34.5,204,210,208,
2025-09-29,07:18,Track Run,147,159,454,52,687,46:10,8000,3.3,0.0,117.9,29,30,29.6,186,187,0,
2025-09-30,07:15,Track Run,128,139,275,35,423,30:23,5060,2.6,0.0,63.4,29,29,41.5,174,175,0,
2025-10-01,06:17,Run,133,144,513,67,14,58:54,9219,3.0,0.0,89.3,28,29,39.5,3,13,50,
2025-10-02,06:55,Track Run,130,141,394,50,600,44:06,7120,2.9,0.0,75.8,29,30,43.0,170,171,0,
2025-10-02,13:28,Pool Swim,152,167,258,26,,24:03,1000,3.3,0.0,117.5,,,,,,,
2025-10-03,06:53,Track Run,153,169,257,27,389,23:46,4840,3.3,0.8,128.6,29,30,35.1,229,236,0,
2025-10-06,05:41,Run,149,161,390,43,624,37:39,7109,3.5,0.0,137.4,27,29,30.9,210,213,41,
2025-10-07,06:20,Run,140,154,497,58,648,50:40,9255,3.5,0.0,135.7,26,29,36.1,197,200,52,
2025-10-08,07:05,Track Run,150,163,263,28,408,24:31,5010,3.3,0.0,116.0,29,30,33.3,225,228,0,
2025-10-08,13:15,Strength,106,140,311,73,633,1:03:38,0,1.5,0.9,34.6,27,32,22.4,,,,
2025-10-09,07:11,Track Run,149,162,431,48,671,41:40,8030,3.6,0.0,141.7,29,31,28.6,210,214,3,
2025-10-09,13:25,Pool Swim,148,159,256,27,,24:51,1000,3.3,0.0,113.1,30,32,,,,,
2025-10-10,04:18,Run,140,152,1409,178,2246,2:41:02,26019,4.5,0.0,237.0,27,29,38.4,183,185,158,
2025-10-13,07:00,Track Run,139,157,389,45,624,39:00,7080,3.4,0.0,120.9,29,31,37.2,200,203,0,
2025-10-13,13:15,Strength,105,140,265,61,491,53:10,0,1.2,0.0,17.7,26,30,23.3,,,,
2025-10-14,07:12,Track Run,156,172,342,35,503,30:54,6260,3.6,2.6,211.1,28,29,34.7,226,241,0,
2025-10-14,13:21,Pool Swim,151,161,265,27,,24:16,1000,3.4,0.0,122.8,30,32,,,,,
2025-10-15,06:56,Track Run,162,178,467,47,659,41:23,8020,4.2,2.5,259.0,29,30,34.6,216,225,0,to be reviewed
2025-10-16,07:08,Track Run,141,151,276,31,439,27:33,5040,3.1,0.0,90.6,29,30,34.6,200,203,6,
2025-10-16,13:25,Pool Swim,157,172,261,,,23:56,1000,3.6,2.1,180.2,29,30,,,,,
2025-10-17,06:55,Track Run,151,164,556,60,878,52:48,10010,4.0,0.0,190.9,29,29,31.0,212,215,0,
2025-10-17,13:13,Strength,110,140,264,56,574,49:07,0,1.4,0.0,20.0,27,30,25.0,,,,
2025-10-20,06:58,Track Run,138,150,550,65,709,57:28,10010,3.3,0.0,123.0,26,29,38.8,195,199,0,
2025-10-20,13:27,Pool Swim,155,167,283,,,26:22,1000,3.5,2.5,198.8,30,31,,,,,from fixed/edited file
2025-10-21,06:54,Track Run,158,174,449,46,577,40:01,8420,4.1,0.1,212.0,23,25,37.1,240,248,0,
2025-10-21,13:11,Strength,102,142,237,59,435,51:20,0,1.1,0.2,19.6,24,25,,,,,
2025-10-22,07:02,Track Run,151,164,416,45,473,39:01,8000,3.7,0.0,162.1,19,24,36.2,229,235,0,
2025-10-22,13:16,Cardio,126,179,267,41,381,42:25,0,2.3,1.3,66.6,23,23,31.7,,,,
2025-10-23,07:07,Track Run,132,142,384,47,419,40:54,7090,3.0,0.0,87.7,20,22,40.7,194,197,0,
2025-10-23,13:17,Strength,93,131,179,51,341,44:39,0,0.5,0.3,11.8,22,24,,,,,
2025-10-24,15:18,Run,140,159,1522,188,1889,2:57:08,29007,4.7,0.0,270.8,24,26,36.2,190,193,143,
2025-10-27,07:06,Track Run,139,147,467,53,582,46:45,8800,3.3,0.0,126.3,24,26,38.7,207,210,0,
2025-10-27,13:17,Strength,113,139,278,54,440,46:55,0,1.5,0.2,25.8,22,25,25.6,,,,
2025-10-28,07:09,Track Run,127,136,381,47,471,41:17,7180,2.9,0.0,79.8,22,24,45.6,190,192,0,
2025-10-28,13:14,Cardio,119,133,290,46,381,40:08,0,2.2,0.0,40.4,22,23,34.7,,,,
2025-10-29,06:43,Run,131,141,534,66,667,57:38,10015,3.1,0.0,102.1,23,26,42.7,193,196,58,
2025-10-30,07:20,Track Run,127,136,272,34,334,29:25,5010,2.6,0.0,62.5,26,27,45.2,187,189,0,
2025-10-30,13:34,Pool Swim,144,157,267,29,,27:28,1000,3.1,2.1,134.1,26,28,,,,,
2025-10-31,06:53,Track Run,156,173,442,46,528,40:17,8020,3.9,0.5,188.5,26,27,34.4,216,222,0,
2025-10-31,13:18,Strength,105,147,248,60,460,52:14,0,1.2,0.1,20.0,23,30,23.6,,,,
2025-11-04,07:10,Track Run,136,147,225,27,277,23:23,4010,2.7,0.0,69.0,23,27,35.6,198,200,0,
2025-11-05,07:18,Track Run,127,139,253,31,328,27:35,5010,2.6,0.0,64.9,22,25,,200,202,0,
2025-11-05,13:17,Strength,87,120,196,64,407,56:35,0,0.4,0.0,6.1,22,26,,,,,
2025-11-06,07:04,Track Run,142,160,397,45,492,39:16,7250,3.3,0.0,124.8,24,26,35.2,209,212,0,
2025-11-06,13:17,Cardio,99,125,198,47,345,41:48,0,0.9,0.0,13.9,24,24,24.3,,,,
2025-11-07,07:10,Track Run,126,134,291,37,355,32:25,5310,2.6,0.0,61.2,24,26,42.1,183,185,0,
2025-11-07,13:17,Strength,94,125,201,59,413,52:19,0,0.6,0.0,8.9,23,25,21.7,,,,
2025-11-10,07:10,Track Run,135,145,432,51,521,44:49,8020,3.2,0.0,108.4,24,26,39.5,194,197,0,
2025-11-10,13:12,Strength,109,140,277,59,474,52:09,0,1.5,0.0,20.8,23,26,25.0,,,,
2025-11-11,15:21,Run,147,158,1512,181,1857,2:41:48,28008,4.9,0.3,283.7,24,26,32.6,194,197,203,
2025-11-12,07:06,Track Run,125,135,224,29,247,25:23,4190,2.4,0.0,50.6,21,25,40.2,178,180,0,
2025-11-13,07:02,Track Run,135,155,490,58,532,51:20,9170,3.3,0.0,114.2,20,24,40.4,196,200,0,
2025-11-13,13:16,Strength,107,135,251,53,419,46:56,0,1.4,0.4,26.4,22,24,,,,,
2025-11-14,07:12,Track Run,132,146,393,46,513,41:08,8330,3.1,0.0,98.9,21,24,,222,229,0,
2025-11-14,13:13,Cardio,119,148,287,46,390,40:47,0,2.1,1.7,60.3,22,24,,,,,
2025-11-18,07:00,Track Run,149,166,532,58,668,50:44,10020,4.1,0.7,194.1,22,24,32.6,220,226,0,
2025-11-18,13:13,Strength,109,145,273,55,443,48:09,0,1.8,0.2,26.0,23,24,25.3,,,,
2025-11-19,06:55,Track Run,125,138,355,45,338,39:14,6700,2.8,0.0,70.5,14,19,43.9,190,195,0,
2025-11-19,13:18,Cardio,113,129,271,48,386,42:31,0,2.0,0.0,27.5,21,22,29.1,,,,
2025-11-23,05:15,Race,166,186,2451,259,2821,3:48:49,43837,5.0,3.2,949.4,23,27,39.2,210,224,387,
2025-11-25,07:05,Track Run,124,147,193,24,255,20:52,3770,2.5,0.0,55.7,20,23,36.7,229,233,0,
2025-11-26,07:05,Track Run,122,155,138,18,142,21:20,2530,2.0,0.0,27.8,18,22,,166,169,0,
2025-11-26,13:14,Strength,106,130,220,49,384,43:21,0,1.0,0.0,14.6,22,24,24.1,,,,
2025-11-27,07:08,Track Run,150,169,270,29,295,25:32,5020,3.2,0.0,105.4,19,22,33.5,219,227,0,
2025-11-27,13:14,Cardio,120,134,279,46,378,40:08,0,2.2,0.0,40.7,21,24,29.4,,,,
2025-11-28,07:20,Run,146,158,393,44,414,38:29,7296,3.5,0.6,133.0,17,19,32.9,205,208,18,
2025-12-01,07:00,Track Run,142,166,252,28,294,24:48,5030,3.1,0.0,97.7,21,25,33.1,213,217,0,
2025-12-01,13:24,Pool Swim,157,171,244,23,,21:29,900,3.5,0.9,152.1,28,28,,,,,
2025-12-02,06:59,Track Run,141,159,548,61,655,53:40,10060,3.6,0.0,147.9,23,25,36.2,203,205,0,
2025-12-03,07:01,Track Run,153,168,544,58,595,51:02,10080,4.0,0.7,196.4,21,24,34.4,219,234,0,
2025-12-03,13:17,Cardio,114,133,277,46,382,40:39,0,2.3,0.0,43.8,22,23,32.3,,,,
2025-12-04,03:39,Run,137,152,1480,181,1632,2:38:55,27651,4.6,0.0,245.6,19,24,37.9,195,201,144,
2025-12-04,13:13,Strength,108,146,271,59,472,52:03,0,1.6,0.0,23.3,22,24,25.3,,,,
2025-12-05,07:16,Run,133,167,314,37,364,32:12,6259,3.1,1.1,109.8,19,22,33.7,214,229,1,
2025-12-05,13:11,Cardio,103,136,207,46,348,40:29,0,1.0,0.5,21.8,,,,,,,
2025-12-08,06:59,Track Run,140,152,452,50,494,44:07,8390,3.4,0.0,130.2,21,24,35.8,208,209,0,
2025-12-09,07:07,Track Run,159,175,391,39,422,34:18,7230,3.9,2.0,220.1,19,22,36.0,233,244,0,
2025-12-09,13:21,Pool Swim,149,160,237,25,,23:08,850,3.2,0.2,110.4,28,28,,,,,
2025-12-10,06:53,Track Run,147,167,387,43,416,37:37,7170,3.4,2.0,163.2,20,22,34.0,208,230,0,
2025-12-10,13:12,Strength,104,139,268,63,480,55:08,0,1.1,0.0,15.6,22,23,23.6,,,,
2025-12-11,07:02,Track Run,138,156,310,35,342,30:48,5860,3.1,0.0,101.6,21,23,31.4,205,206,0,
2025-12-11,13:24,Pool Swim,142,154,240,26,,23:56,1000,3.0,0.0,90.8,28,28,,,,,
2025-12-12,11:38,Run,155,169,1729,188,2148,2:52:07,31014,5.0,0.1,407.2,23,27,35.3,216,221,300,
2025-12-15,07:07,Track Run,135,165,473,53,514,46:31,10020,3.5,0.0,140.2,15,19,,241,246,0,
2025-12-16,07:10,Track Run,128,140,377,46,415,40:10,7120,2.8,0.0,76.5,18,24,37.6,195,197,0,
2025-12-16,13:22,Track Run,145,156,346,38,460,33:15,6290,3.2,0.0,106.1,26,27,31.0,205,207,0,
2025-12-17,07:06,Track Run,155,171,364,37,393,32:14,6810,3.7,0.0,163.3,18,22,33.7,232,236,0,
2025-12-17,13:17,Strength,98,139,230,58,419,50:54,0,1.0,0.2,18.6,24,26,23.4,,,,
2025-12-18,07:09,Track Run,121,134,266,34,291,29:58,5020,2.3,0.0,49.8,19,22,34.3,183,185,0,
2025-12-18,13:18,Track Run,133,142,273,31,334,28:35,5020,2.8,0.0,73.1,25,25,36.9,202,203,0,
2025-12-19,07:22,Track Run,138,149,827,96,868,1:24:24,15110,3.6,0.0,158.6,20,22,38.0,195,196,0,
2025-12-19,18:12,Run,157,167,302,30,367,26:08,5562,3.5,0.0,138.6,22,23,35.2,234,242,21,
2025-12-22,07:10,Track Run,129,140,276,33,297,28:50,5010,2.6,0.0,65.5,20,23,43.6,194,196,0,
2025-12-22,13:16,Strength,111,148,281,56,453,48:49,0,1.5,0.1,24.3,22,23,25.8,,,,
2025-12-23,14:54,Run,154,171,1940,211,2046,3:15:36,34193,5.0,0.0,413.2,20,23,34.4,208,213,235,
2025-12-24,13:15,Track Run,153,174,384,39,453,34:34,6340,3.5,2.2,184.9,26,27,34.9,203,230,0,
2025-12-25,05:51,Run,147,158,510,57,552,49:46,9214,3.4,0.0,131.2,19,25,30.2,209,212,59,
2025-12-29,07:18,Track Run,128,137,273,33,283,28:57,5010,2.6,0.0,61.9,17,23,42.1,185,185,0,
2025-12-29,13:15,Cardio,113,140,301,53,405,46:39,0,2.1,0.0,36.8,21,24,29.3,,,,
2025-12-30,13:15,Track Run,158,173,585,60,653,52:42,10060,4.2,0.5,229.5,25,26,35.9,207,217,0,
2025-12-31,04:14,Run,121,168,1204,137,1295,2:02:48,22179,4.5,0.0,249.6,19,24,33.6,204,208,134,
2025-12-31,13:19,Track Run,133,147,282,34,336,35:56,5040,2.5,0.0,59.1,23,24,35.8,188,192,0,
